Word,Emotion,Figurative,Physical,Emotion_sticky,Figurative_sticky,Physical_sticky
Harry,0,0,1,,,
had,0,0,0,,,
never,0,0,0,,,
believed,0,0,0,,,
he,0,0,0,,,
would,0,0,0,,,
meet,0,0,0,,,
a,0,0,0,,,
boy,0,0,0,,,
he,0,0,0,,,
hated,1,0,0,,,
more,0,0,0,,,
than,0,0,0,,,
"Dudley,",0,0,1,,,
but,0,0,0,,,
that,0,0,0,,,
was,0,0,0,,,
before,0,0,0,,,
he,0,0,0,,,
met,0,0,0,,,
Draco,0,0,1,,,
Malfoy.,0,0,1,,,
"Still,",0,0,0,,,
first-year,0,0,0,,,
Gryffindors,0,0,1,,,
only,0,0,0,,,
had,0,0,0,,,
Potions,0,0,1,,,
with,0,0,0,,,
the,0,0,0,,,
"Slytherins,",0,0,1,,,
so,0,0,0,,,
they,0,0,0,,,
didn't,0,0,0,,,
have,0,0,0,,,
to,0,0,0,,,
put,1,1,0,,,
up,1,1,0,,,
with,1,1,0,,,
Malfoy,0,0,1,,,
much.,0,0,0,,,
Or,0,0,0,,,
at,0,0,0,,,
"least,",0,0,0,,,
they,0,0,0,,,
didn't,0,0,0,,,
until,0,0,0,,,
they,0,0,0,,,
spotted,0,0,0,,,
a,0,0,0,,,
notice,0,0,1,,,
pinned,0,0,0,,,
up,0,0,0,,,
in,0,0,0,,,
the,0,0,0,,,
Gryffindor,0,0,1,,,
common,0,0,1,,,
room,0,0,1,,,
that,0,0,0,,,
made,0,0,0,,,
them,0,0,0,,,
all,0,0,0,,,
groan.,1,0,0,,,
Flying,0,0,1,,,
lessons,0,0,1,,,
would,0,0,0,,,
be,0,0,0,,,
starting,0,0,0,,,
on,0,0,0,,,
Thursday,0,0,1,,,
--,0,0,0,,,
and,0,0,0,,,
Gryffindor,0,0,1,,,
and,0,0,0,,,
Slytherin,0,0,1,,,
would,0,0,0,,,
be,0,0,0,,,
learning,0,0,0,,,
together.,0,0,0,,,
,0,0,0,,,
"""Typical,""",1,0,0,,,
said,0,0,0,,,
Harry,0,0,1,,,
darkly.,1,1,0,,,
"""Just",0,0,0,,,
what,0,0,0,,,
I,0,0,0,,,
always,0,0,0,,,
wanted.,1,0,0,,,
To,0,0,0,,,
make,1,0,0,,,
a,1,0,0,,,
fool,1,0,0,,,
of,1,0,0,,,
myself,0,0,0,,,
on,0,0,0,,,
a,0,0,0,,,
broomstick,0,0,1,,,
in,0,0,0,,,
front,0,0,0,,,
of,0,0,0,,,
"Malfoy.""",0,0,1,,,
,0,0,0,,,
He,0,0,0,,,
had,0,0,0,,,
been,0,0,0,,,
looking,1,1,0,,,
forward,1,1,0,,,
to,1,1,0,,,
learning,0,0,0,,,
to,0,0,0,,,
fly,0,0,0,,,
more,0,0,0,,,
than,0,0,0,,,
anything,0,0,0,,,
else.,0,0,0,,,
"""You",0,0,0,,,
don't,0,0,0,,,
know,0,0,0,,,
that,0,0,0,,,
you'll,0,0,0,,,
make,1,0,0,,,
a,1,0,0,,,
fool,1,0,0,,,
of,1,0,0,,,
"yourself,""",0,0,0,,,
said,0,0,0,,,
Ron,0,0,1,,,
reasonably.,1,0,0,,,
"""Anyway,",0,0,0,,,
I,0,0,0,,,
know,0,0,0,,,
Malfoy's,0,0,1,,,
always,0,0,0,,,
going,0,0,0,,,
on,0,0,0,,,
about,0,0,0,,,
how,0,0,0,,,
good,1,0,0,,,
he,0,0,0,,,
is,0,0,0,,,
at,0,0,0,,,
"Quidditch,",0,0,1,,,
but,0,0,0,,,
I,0,0,0,,,
bet,1,0,0,,,
that's,1,0,0,,,
all,1,0,0,,,
"talk.""",1,0,0,,,
,0,0,0,,,
Malfoy,0,0,1,,,
certainly,0,0,0,,,
did,0,0,0,,,
talk,0,0,0,,,
about,0,0,0,,,
flying,0,0,0,,,
a,0,0,0,,,
lot.,0,0,0,,,
He,0,0,0,,,
complained,1,0,0,,,
loudly,1,0,0,,,
about,0,0,0,,,
first,0,0,0,,,
years,0,0,0,,,
never,0,0,0,,,
getting,0,0,0,,,
on,0,0,0,,,
the,0,0,0,,,
House,0,0,1,,,
Quidditch,0,0,1,,,
teams,0,0,1,,,
and,0,0,0,,,
told,0,0,0,,,
"long,",1,0,0,,,
boastful,1,0,0,,,
stories,1,0,1,,,
that,0,0,0,,,
always,1,0,0,,,
seemed,0,0,0,,,
to,0,0,0,,,
end,0,0,0,,,
with,0,0,0,,,
him,0,0,0,,,
narrowly,0,1,0,,,
escaping,0,0,0,,,
Muggles,0,0,1,,,
in,0,0,0,,,
helicopters.,0,0,1,,,
He,0,0,0,,,
wasn't,0,0,0,,,
the,0,0,0,,,
only,0,0,0,,,
"one,",0,0,0,,,
though:,0,0,0,,,
the,0,0,0,,,
way,0,0,0,,,
Seamus,0,0,1,,,
Finnigan,0,0,1,,,
told,0,0,0,,,
"it,",0,0,0,,,
he'd,0,0,0,,,
spent,0,0,0,,,
most,0,0,0,,,
of,0,0,0,,,
his,0,0,0,,,
childhood,0,0,0,,,
zooming,0,0,0,,,
around,0,0,0,,,
the,0,0,0,,,
countryside,0,0,0,,,
on,0,0,0,,,
his,0,0,0,,,
broomstick.,0,0,1,,,
Even,0,0,0,,,
Ron,0,0,1,,,
would,0,0,0,,,
tell,0,0,0,,,
anyone,0,0,0,,,
who'd,0,0,0,,,
listen,0,0,0,,,
about,0,0,0,,,
the,0,0,0,,,
time,0,0,0,,,
he'd,0,0,0,,,
almost,0,0,0,,,
hit,0,0,0,,,
a,0,0,0,,,
hang,0,0,1,,,
glider,0,0,1,,,
on,0,0,0,,,
Charlie's,0,0,1,,,
old,0,0,0,,,
broom.,0,0,1,,,
Everyone,0,0,0,,,
from,0,0,0,,,
wizarding,0,0,0,,,
families,0,0,0,,,
talked,0,0,0,,,
about,0,0,0,,,
Quidditch,0,0,1,,,
constantly.,0,0,0,,,
Ron,0,0,1,,,
had,0,0,0,,,
already,0,0,0,,,
had,1,0,0,,,
a,1,0,0,,,
big,1,0,0,,,
argument,1,0,0,,,
with,0,0,0,,,
Dean,0,0,1,,,
"Thomas,",0,0,1,,,
who,0,0,0,,,
shared,0,0,0,,,
their,0,0,0,,,
"dormitory,",0,0,1,,,
about,0,0,0,,,
soccer.,0,0,1,,,
Ron,0,0,1,,,
couldn't,1,0,0,,,
see,1,0,0,,,
what,0,0,0,,,
was,0,0,0,,,
exciting,1,0,0,,,
about,0,0,0,,,
a,0,0,0,,,
game,0,0,0,,,
with,0,0,0,,,
only,0,0,0,,,
one,0,0,0,,,
ball,0,0,1,,,
where,0,0,0,,,
no,0,0,0,,,
one,0,0,0,,,
was,0,0,0,,,
allowed,0,0,0,,,
to,0,0,0,,,
fly.,0,0,0,,,
Harry,0,0,1,,,
had,0,0,0,,,
caught,0,1,0,,,
Ron,0,0,1,,,
prodding,0,0,0,,,
Dean's,0,0,1,,,
poster,0,0,1,,,
of,0,0,0,,,
West,0,0,1,,,
Ham,0,0,1,,,
soccer,0,0,1,,,
"team,",0,0,1,,,
trying,0,0,0,,,
to,0,0,0,,,
make,0,0,0,,,
the,0,0,0,,,
players,0,0,1,,,
move.,0,0,0,,,
,0,0,0,,,
Neville,0,0,1,,,
had,0,0,0,,,
never,0,0,0,,,
been,0,0,0,,,
on,0,0,0,,,
a,0,0,0,,,
broomstick,0,0,1,,,
in,0,0,0,,,
his,0,0,0,,,
"life,",0,0,0,,,
because,0,0,0,,,
his,0,0,0,,,
grandmother,0,0,1,,,
had,0,0,0,,,
never,0,0,0,,,
let,0,0,0,,,
him,0,0,0,,,
near,0,1,0,,,
one.,0,0,0,,,
"Privately,",0,0,0,,,
Harry,0,0,1,,,
felt,0,0,0,,,
she'd,0,0,0,,,
had,0,0,0,,,
good,0,0,0,,,
"reason,",0,0,0,,,
because,0,0,0,,,
Neville,0,0,1,,,
managed,0,0,0,,,
to,0,0,0,,,
have,0,0,0,,,
an,0,0,0,,,
extraordinary,0,0,0,,,
number,0,0,0,,,
of,0,0,0,,,
accidents,0,0,0,,,
even,0,0,0,,,
with,0,0,0,,,
both,0,1,0,,,
feet,0,1,1,,,
on,0,1,0,,,
the,0,1,0,,,
ground.,0,1,1,,,
,0,0,0,,,
Hermione,0,0,1,,,
Granger,0,0,1,,,
was,0,0,0,,,
almost,0,0,0,,,
as,0,0,0,,,
nervous,1,0,0,,,
about,0,0,0,,,
flying,0,0,0,,,
as,0,0,0,,,
Neville,0,0,1,,,
was.,0,0,0,,,
This,0,0,0,,,
was,0,0,0,,,
something,0,0,0,,,
you,0,0,0,,,
couldn't,0,0,0,,,
learn,0,0,0,,,
by,0,1,0,,,
heart,0,1,0,,,
out,0,0,0,,,
of,0,0,0,,,
a,0,0,0,,,
book,0,0,1,,,
--,0,0,0,,,
not,0,0,0,,,
that,0,0,0,,,
she,0,0,0,,,
hadn't,0,0,0,,,
tried.,0,0,0,,,
At,0,0,0,,,
breakfast,0,0,1,,,
on,0,0,0,,,
Thursday,0,0,0,,,
she,0,0,0,,,
bored,1,0,0,,,
them,1,0,0,,,
all,1,0,0,,,
stupid,1,0,0,,,
with,0,0,0,,,
flying,0,0,0,,,
tips,0,0,0,,,
she'd,0,0,0,,,
gotten,0,0,0,,,
out,0,0,0,,,
of,0,0,0,,,
a,0,0,0,,,
library,0,0,1,,,
book,0,0,1,,,
called,0,0,0,,,
Quidditch,0,0,1,,,
Through,0,0,1,,,
the,0,0,1,,,
Ages.,0,0,1,,,
Neville,0,0,1,,,
was,0,0,0,,,
hanging,1,1,0,,,
on,1,1,0,,,
to,1,0,0,,,
her,1,0,0,,,
every,0,0,0,,,
"word,",0,0,0,,,
desperate,0,0,0,,,
for,0,0,0,,,
anything,0,0,0,,,
that,0,0,0,,,
might,0,0,0,,,
help,0,0,0,,,
him,0,0,0,,,
hang,0,0,0,,,
on,0,0,0,,,
to,0,0,0,,,
his,0,0,0,,,
broomstick,0,0,1,,,
"later,",0,0,0,,,
but,0,0,0,,,
everybody,0,0,0,,,
else,0,0,0,,,
was,0,0,0,,,
very,1,0,0,,,
pleased,1,0,0,,,
when,0,0,0,,,
Hermione's,0,0,1,,,
lecture,0,0,1,,,
was,0,0,0,,,
interrupted,0,0,0,,,
by,0,0,0,,,
the,0,0,0,,,
arrival,0,0,0,,,
of,0,0,0,,,
the,0,0,0,,,
mail.,0,0,1,,,
,0,0,0,,,
Harry,0,0,1,,,
hadn't,0,0,0,,,
had,0,0,0,,,
a,0,0,0,,,
single,0,0,0,,,
letter,0,0,1,,,
since,0,0,0,,,
Hagrid's,0,0,1,,,
"note,",0,0,1,,,
something,0,0,0,,,
that,0,0,0,,,
Malfoy,0,0,1,,,
had,0,0,0,,,
been,0,0,0,,,
quick,0,0,0,,,
to,0,0,0,,,
"notice,",0,0,0,,,
of,0,0,0,,,
course.,0,0,0,,,
Malfoy's,0,0,1,,,
eagle,0,0,1,,,
owl,0,0,1,,,
was,0,0,0,,,
always,0,0,0,,,
bringing,0,0,0,,,
him,0,0,0,,,
packages,0,0,1,,,
of,0,0,0,,,
sweets,0,0,1,,,
from,0,0,0,,,
"home,",0,0,0,,,
which,0,0,0,,,
he,0,0,0,,,
opened,0,0,0,,,
gloatingly,1,0,0,,,
at,0,0,0,,,
the,0,0,0,,,
Slytherin,0,0,1,,,
table.,0,0,1,,,
,0,0,0,,,
A,0,0,0,,,
barn,0,0,1,,,
owl,0,0,1,,,
brought,0,0,0,,,
Neville,0,0,1,,,
a,0,0,0,,,
small,0,0,1,,,
package,0,0,1,,,
from,0,0,0,,,
his,0,0,0,,,
grandmother.,0,0,1,,,
He,0,0,0,,,
opened,0,0,0,,,
it,0,0,0,,,
excitedly,1,0,0,,,
and,0,0,0,,,
showed,0,0,0,,,
them,0,0,0,,,
a,0,0,0,,,
glass,0,0,1,,,
ball,0,0,1,,,
the,0,0,0,,,
size,0,0,0,,,
of,0,0,0,,,
a,0,0,0,,,
large,0,0,0,,,
"marble,",0,0,1,,,
which,0,0,0,,,
seemed,0,0,0,,,
to,0,0,0,,,
be,0,0,0,,,
full,0,0,0,,,
of,0,0,0,,,
white,0,0,1,,,
smoke.,0,0,1,,,
,0,0,0,,,
"""It's",0,0,0,,,
a,0,0,0,,,
"Remembrall!""",0,0,1,,,
he,0,0,0,,,
explained.,0,0,0,,,
"""Gran",0,0,1,,,
knows,0,0,0,,,
I,0,0,0,,,
forget,0,0,0,,,
things,0,0,0,,,
--,0,0,0,,,
this,0,0,0,,,
tells,0,1,0,,,
you,0,0,0,,,
if,0,0,0,,,
there's,0,0,0,,,
something,0,0,0,,,
you've,0,0,0,,,
forgotten,0,0,0,,,
to,0,0,0,,,
do.,0,0,0,,,
"Look,",0,0,0,,,
you,0,0,0,,,
hold,0,0,0,,,
it,0,0,0,,,
tight,0,0,0,,,
like,0,0,0,,,
this,0,0,0,,,
and,0,0,0,,,
if,0,0,0,,,
it,0,0,0,,,
turns,0,0,0,,,
red,0,0,0,,,
--,0,0,0,,,
oh,0,0,0,,,
"...""",0,0,0,,,
His,0,0,0,,,
face,0,0,1,,,
"fell,",1,1,0,,,
because,0,0,0,,,
the,0,0,0,,,
Remembrall,0,0,1,,,
had,0,0,0,,,
suddenly,0,0,0,,,
glowed,0,0,0,,,
"scarlet,",0,0,0,,,
"""...",0,0,0,,,
you've,0,0,0,,,
forgotten,0,0,0,,,
something,0,0,0,,,
"...""",0,0,0,,,
,0,0,0,,,
Neville,0,0,1,,,
was,0,0,0,,,
trying,0,0,0,,,
to,0,0,0,,,
remember,0,0,0,,,
what,0,0,0,,,
he'd,0,0,0,,,
forgotten,0,0,0,,,
when,0,0,0,,,
Draco,0,0,1,,,
"Malfoy,",0,0,1,,,
who,0,0,0,,,
was,0,0,0,,,
passing,0,0,0,,,
the,0,0,0,,,
Gryffindor,0,0,1,,,
"table,",0,0,1,,,
snatched,0,0,0,,,
the,0,0,0,,,
Remembrall,0,0,1,,,
out,0,0,0,,,
of,0,0,0,,,
his,0,0,0,,,
hand.,0,0,0,,,
,0,0,0,,,
Harry,0,0,1,,,
and,0,0,0,,,
Ron,0,0,1,,,
jumped,0,0,0,,,
to,0,0,0,,,
their,0,0,0,,,
feet.,0,0,0,,,
They,0,0,0,,,
were,0,0,0,,,
half,0,0,0,,,
hoping,0,0,0,,,
for,0,0,0,,,
a,0,0,0,,,
reason,0,0,0,,,
to,0,0,0,,,
fight,0,0,0,,,
"Malfoy,",0,0,1,,,
but,0,0,0,,,
Professor,0,0,1,,,
"McGonagall,",0,0,1,,,
who,0,0,0,,,
could,0,0,0,,,
spot,0,0,0,,,
trouble,0,0,0,,,
quicker,0,0,0,,,
than,0,0,0,,,
any,0,0,0,,,
teacher,0,0,0,,,
in,0,0,0,,,
the,0,0,0,,,
"school,",0,0,0,,,
was,0,0,0,,,
there,0,0,0,,,
in,0,1,0,,,
a,0,1,0,,,
flash.,0,1,0,,,
,0,0,0,,,
"""What's",0,0,0,,,
going,0,0,0,,,
"on?""",0,0,0,,,
,0,0,0,,,
"""Malfoy's",0,0,1,,,
got,0,0,0,,,
my,0,0,0,,,
"Remembrall,",0,0,1,,,
"Professor.""",0,0,1,,,
,0,0,0,,,
"Scowling,",0,0,0,,,
Malfoy,0,0,1,,,
quickly,0,0,0,,,
dropped,0,0,0,,,
the,0,0,0,,,
Remembrall,0,0,1,,,
back,0,0,0,,,
on,0,0,0,,,
the,0,0,0,,,
table.,0,0,1,,,
,0,0,0,,,
"""Just",0,0,0,,,
"looking,""",0,0,0,,,
he,0,0,0,,,
"said,",0,0,0,,,
and,0,0,0,,,
he,0,0,0,,,
sloped,0,1,0,,,
away,0,1,0,,,
with,0,0,0,,,
Crabbe,0,0,1,,,
and,0,0,0,,,
Goyle,0,0,1,,,
behind,0,0,0,,,
him.,0,0,0,,,
,0,0,0,,,
,0,0,0,,,
At,0,0,0,,,
three-thirty,0,0,0,,,
that,0,0,0,,,
"afternoon,",0,0,0,,,
"Harry,",0,0,1,,,
"Ron,",0,0,1,,,
and,0,0,0,,,
the,0,0,0,,,
other,0,0,0,,,
Gryffindors,0,0,1,,,
hurried,0,0,0,,,
down,0,0,0,,,
the,0,0,0,,,
front,0,0,1,,,
steps,0,0,1,,,
onto,0,0,0,,,
the,0,0,0,,,
grounds,0,0,1,,,
for,0,0,0,,,
their,0,0,0,,,
first,0,0,0,,,
flying,0,0,0,,,
lesson.,0,0,0,,,
It,0,0,0,,,
was,0,0,0,,,
a,0,0,0,,,
"clear,",0,0,0,,,
breezy,0,0,0,,,
"day,",0,0,0,,,
and,0,0,0,,,
the,0,0,0,,,
grass,0,0,1,,,
rippled,0,1,0,,,
under,0,0,0,,,
their,0,0,0,,,
feet,0,0,1,,,
as,0,0,0,,,
they,0,0,0,,,
marched,0,0,0,,,
down,0,0,0,,,
the,0,0,0,,,
sloping,0,0,1,,,
lawns,0,0,1,,,
toward,0,0,0,,,
a,0,0,0,,,
"smooth,",0,0,0,,,
flat,0,0,0,,,
lawn,0,0,1,,,
on,0,0,0,,,
the,0,0,0,,,
opposite,0,0,0,,,
side,0,0,0,,,
of,0,0,0,,,
the,0,0,0,,,
grounds,0,0,1,,,
to,0,0,0,,,
the,0,0,0,,,
forbidden,0,0,1,,,
"forest,",0,0,1,,,
whose,0,0,0,,,
trees,0,0,1,,,
were,0,0,0,,,
swaying,1,1,0,,,
darkly,1,1,0,,,
in,0,0,0,,,
the,0,0,0,,,
distance.,0,0,0,,,
,0,0,0,,,
The,0,0,0,,,
Slytherins,0,0,1,,,
were,0,0,0,,,
already,0,0,0,,,
"there,",0,0,0,,,
and,0,0,0,,,
so,0,0,0,,,
were,0,0,0,,,
twenty,0,0,0,,,
broomsticks,0,0,1,,,
lying,0,0,0,,,
in,0,0,0,,,
neat,0,0,0,,,
lines,0,0,0,,,
on,0,0,0,,,
the,0,0,0,,,
ground.,0,0,1,,,
Harry,0,0,1,,,
had,0,0,0,,,
heard,0,0,0,,,
Fred,0,0,1,,,
and,0,0,0,,,
George,0,0,1,,,
Weasley,0,0,1,,,
complain,1,0,0,,,
about,0,0,0,,,
the,0,0,0,,,
school,0,0,1,,,
"brooms,",0,0,1,,,
saying,0,0,0,,,
that,0,0,0,,,
some,0,0,0,,,
of,0,0,0,,,
them,0,0,0,,,
started,0,0,0,,,
to,0,0,0,,,
vibrate,0,0,0,,,
if,0,0,0,,,
you,0,0,0,,,
flew,0,0,0,,,
too,0,0,0,,,
"high,",0,0,0,,,
or,0,0,0,,,
always,0,0,0,,,
flew,0,0,0,,,
slightly,0,0,0,,,
to,0,0,0,,,
the,0,0,0,,,
left.,0,0,0,,,
,0,0,0,,,
Their,0,0,0,,,
"teacher,",0,0,1,,,
Madam,0,0,1,,,
"Hooch,",0,0,1,,,
arrived.,0,0,0,,,
She,0,0,0,,,
had,0,0,0,,,
"short,",0,0,0,,,
gray,0,0,0,,,
"hair,",0,0,0,,,
and,0,0,0,,,
yellow,0,0,0,,,
eyes,0,0,0,,,
like,0,1,0,,,
a,0,1,0,,,
hawk.,0,1,0,,,
,0,0,0,,,
"""Well,",0,0,0,,,
what,0,0,0,,,
are,0,0,0,,,
you,0,0,0,,,
all,0,0,0,,,
waiting,0,0,0,,,
"for?""",0,0,0,,,
she,0,0,0,,,
barked.,1,1,0,,,
"""Everyone",0,0,0,,,
stand,0,0,0,,,
by,0,0,0,,,
a,0,0,0,,,
broomstick.,0,0,1,,,
Come,0,0,0,,,
"on,",0,0,0,,,
hurry,0,0,0,,,
"up.""",0,0,0,,,
,0,0,0,,,
Harry,0,0,1,,,
glanced,0,0,0,,,
down,0,0,0,,,
at,0,0,0,,,
his,0,0,0,,,
broom.,0,0,1,,,
It,0,0,0,,,
was,0,0,0,,,
old,0,0,0,,,
and,0,0,0,,,
some,0,0,0,,,
of,0,0,0,,,
the,0,0,0,,,
twigs,0,0,1,,,
stuck,0,0,0,,,
out,0,0,0,,,
at,0,0,0,,,
odd,0,0,0,,,
angles.,0,0,0,,,
,0,0,0,,,
"""Stick",0,0,0,,,
out,0,0,0,,,
your,0,0,0,,,
right,0,0,1,,,
hand,0,0,1,,,
over,0,0,0,,,
your,0,0,0,,,
"broom,""",0,0,1,,,
called,0,0,0,,,
Madam,0,0,1,,,
Hooch,0,0,1,,,
at,0,0,0,,,
the,0,0,0,,,
"front,",0,0,0,,,
"""and",0,0,0,,,
say,0,0,0,,,
"'Up!'""",0,0,0,,,
,0,0,0,,,
"""UP!""",0,0,0,,,
everyone,0,0,0,,,
shouted.,0,0,0,,,
,0,0,0,,,
Harry's,0,0,1,,,
broom,0,0,1,,,
jumped,0,0,0,,,
into,0,0,0,,,
his,0,0,0,,,
hand,0,0,1,,,
at,0,0,0,,,
"once,",0,0,0,,,
but,0,0,0,,,
it,0,0,0,,,
was,0,0,0,,,
one,0,0,0,,,
of,0,0,0,,,
the,0,0,0,,,
few,0,0,0,,,
that,0,0,0,,,
did.,0,0,0,,,
Hermione,0,0,1,,,
Granger's,0,0,1,,,
had,0,0,0,,,
simply,0,0,0,,,
rolled,0,0,0,,,
over,0,0,0,,,
on,0,0,0,,,
the,0,0,0,,,
"ground,",0,0,1,,,
and,0,0,0,,,
Neville's,0,0,1,,,
hadn't,0,0,0,,,
moved,0,0,0,,,
at,0,0,0,,,
all.,0,0,0,,,
Perhaps,0,0,0,,,
"brooms,",0,0,1,,,
like,0,1,0,,,
"horses,",0,1,1,,,
could,0,0,0,,,
tell,0,0,0,,,
when,0,0,0,,,
you,0,0,0,,,
were,0,0,0,,,
"afraid,",1,0,0,,,
thought,0,0,0,,,
Harry,0,0,1,,,
there,0,0,0,,,
was,0,0,0,,,
a,0,0,0,,,
quaver,1,0,0,,,
in,0,0,0,,,
Neville's,0,0,1,,,
voice,0,0,0,,,
that,0,0,0,,,
said,0,0,0,,,
only,0,0,0,,,
too,0,0,0,,,
clearly,0,0,0,,,
that,0,0,0,,,
he,0,0,0,,,
wanted,0,0,0,,,
to,0,0,0,,,
keep,0,0,0,,,
his,0,0,0,,,
feet,0,0,0,,,
on,0,0,0,,,
the,0,0,0,,,
ground.,0,0,1,,,
,0,0,0,,,
Madam,0,0,1,,,
Hooch,0,0,1,,,
then,0,0,0,,,
showed,0,0,0,,,
them,0,0,0,,,
how,0,0,0,,,
to,0,0,0,,,
mount,0,0,0,,,
their,0,0,0,,,
brooms,0,0,1,,,
without,0,0,0,,,
sliding,0,0,0,,,
off,0,0,0,,,
the,0,0,0,,,
"end,",0,0,1,,,
and,0,0,0,,,
walked,0,0,0,,,
up,0,0,0,,,
and,0,0,0,,,
down,0,0,0,,,
the,0,0,0,,,
rows,0,0,0,,,
correcting,0,0,0,,,
their,0,0,0,,,
grips.,0,0,0,,,
Harry,0,0,1,,,
and,0,0,0,,,
Ron,0,0,1,,,
were,0,0,0,,,
delighted,1,0,0,,,
when,0,0,0,,,
she,0,0,0,,,
told,0,0,0,,,
Malfoy,0,0,1,,,
he'd,0,0,0,,,
been,0,0,0,,,
doing,0,0,0,,,
it,0,0,0,,,
wrong,0,0,0,,,
for,0,0,0,,,
years.,0,0,0,,,
,0,0,0,,,
"""Now,",0,0,0,,,
when,0,0,0,,,
I,0,0,0,,,
blow,0,0,0,,,
my,0,0,0,,,
"whistle,",0,0,1,,,
you,0,0,0,,,
kick,0,1,0,,,
off,0,1,0,,,
from,0,0,0,,,
the,0,0,0,,,
"ground,",0,0,1,,,
"hard,""",0,0,0,,,
said,0,0,0,,,
Madam,0,0,1,,,
Hooch.,0,0,1,,,
"""Keep",0,0,0,,,
your,0,0,0,,,
brooms,0,0,1,,,
"steady,",0,0,0,,,
rise,0,0,0,,,
a,0,0,0,,,
few,0,0,0,,,
"feet,",0,0,0,,,
and,0,0,0,,,
then,0,0,0,,,
come,0,0,0,,,
straight,0,0,0,,,
back,0,0,0,,,
down,0,0,0,,,
by,0,0,0,,,
leaning,0,0,0,,,
forward,0,0,0,,,
slightly.,0,0,0,,,
On,0,0,0,,,
my,0,0,0,,,
whistle,0,0,1,,,
--,0,0,0,,,
three,0,0,0,,,
--,0,0,0,,,
two,0,0,0,,,
"--""",0,0,0,,,
,0,0,0,,,
But,0,0,0,,,
"Neville,",0,0,1,,,
nervous,1,0,0,,,
and,0,0,0,,,
jumpy,0,0,0,,,
and,0,0,0,,,
frightened,1,0,0,,,
of,1,0,0,,,
being,1,0,0,,,
left,1,0,0,,,
on,1,0,0,,,
the,1,0,0,,,
"ground,",0,0,1,,,
pushed,0,0,0,,,
off,0,0,0,,,
hard,0,0,0,,,
before,0,0,0,,,
the,0,0,0,,,
whistle,0,0,1,,,
had,0,0,0,,,
touched,0,1,0,,,
Madam,0,1,1,,,
Hooch's,0,1,1,,,
lips.,0,1,1,,,
,0,0,0,,,
"""Come",0,0,0,,,
"back,",0,0,0,,,
"boy!""",0,0,0,,,
she,0,0,0,,,
"shouted,",0,0,0,,,
but,0,0,0,,,
Neville,0,0,1,,,
was,0,0,0,,,
rising,0,0,0,,,
straight,0,0,0,,,
up,0,0,0,,,
like,0,1,0,,,
a,0,1,0,,,
cork,0,1,1,,,
shot,0,1,1,,,
out,0,1,0,,,
of,0,1,0,,,
a,0,1,0,,,
bottle,0,1,1,,,
--,0,0,0,,,
twelve,0,0,0,,,
feet,0,0,0,,,
--,0,0,0,,,
twenty,0,0,0,,,
feet.,0,0,0,,,
Harry,0,0,1,,,
saw,0,0,0,,,
his,0,0,0,,,
scared,1,0,0,,,
white,0,0,0,,,
face,0,0,1,,,
look,0,0,0,,,
down,0,0,0,,,
at,0,0,0,,,
the,0,0,0,,,
ground,0,0,1,,,
falling,0,1,0,,,
"away,",0,1,0,,,
saw,0,0,0,,,
him,0,0,0,,,
"gasp,",1,0,0,,,
slip,0,0,0,,,
sideways,0,0,0,,,
off,0,0,0,,,
the,0,0,0,,,
broom,0,0,1,,,
and,0,0,0,,,
--,0,0,0,,,
,0,0,0,,,
WHAM,0,0,0,,,
--,0,0,0,,,
a,0,0,0,,,
thud,0,0,0,,,
and,0,0,0,,,
a,0,0,0,,,
nasty,0,0,0,,,
crack,0,0,1,,,
and,0,0,0,,,
Neville,0,0,1,,,
lay,0,0,0,,,
facedown,0,0,0,,,
on,0,0,0,,,
the,0,0,0,,,
grass,0,0,1,,,
in,0,1,0,,,
a,0,1,0,,,
heap.,0,1,0,,,
His,0,0,0,,,
broomstick,0,0,1,,,
was,0,0,0,,,
still,0,0,0,,,
rising,0,0,0,,,
higher,0,0,0,,,
and,0,0,0,,,
"higher,",0,0,0,,,
and,0,0,0,,,
started,0,0,0,,,
to,0,0,0,,,
drift,1,1,0,,,
lazily,1,1,0,,,
toward,0,0,0,,,
the,0,0,0,,,
forbidden,0,0,1,,,
forest,0,0,1,,,
and,0,0,0,,,
out,0,0,0,,,
of,0,0,0,,,
sight.,0,0,0,,,
,0,0,0,,,
Madam,0,0,1,,,
Hooch,0,0,1,,,
was,0,0,0,,,
bending,0,0,0,,,
over,0,0,0,,,
"Neville,",0,0,1,,,
her,0,0,0,,,
face,0,0,0,,,
as,0,0,0,,,
white,0,0,0,,,
as,0,0,0,,,
his.,0,0,0,,,
"""Broken",0,0,0,,,
"wrist,""",0,0,1,,,
Harry,0,0,1,,,
heard,0,0,0,,,
her,0,0,0,,,
mutter.,0,0,0,,,
"""Come",0,0,0,,,
"on,",0,0,0,,,
boy,0,0,0,,,
--,0,0,0,,,
it's,0,0,0,,,
all,0,0,0,,,
"right,",0,0,0,,,
up,0,0,0,,,
you,0,0,0,,,
"get.""",0,0,0,,,
,0,0,0,,,
She,0,0,0,,,
turned,0,0,0,,,
to,0,0,0,,,
the,0,0,0,,,
rest,0,0,0,,,
of,0,0,0,,,
the,0,0,0,,,
class.,0,0,1,,,
"""None",0,0,0,,,
of,0,0,0,,,
you,0,0,0,,,
is,0,0,0,,,
to,0,0,0,,,
move,0,0,0,,,
while,0,0,0,,,
I,0,0,0,,,
take,0,0,0,,,
this,0,0,0,,,
boy,0,0,0,,,
to,0,0,0,,,
the,0,0,0,,,
hospital,0,0,1,,,
wing!,0,0,1,,,
You,0,0,0,,,
leave,0,0,0,,,
those,0,0,0,,,
brooms,0,0,1,,,
where,0,0,0,,,
they,0,0,0,,,
are,0,0,0,,,
or,0,0,0,,,
you'll,0,0,0,,,
be,0,0,0,,,
out,0,0,0,,,
of,0,0,0,,,
Hogwarts,0,0,1,,,
before,0,0,0,,,
you,0,0,0,,,
can,0,0,0,,,
say,0,0,0,,,
'Quidditch.',0,0,1,,,
Come,0,0,0,,,
"on,",0,0,0,,,
"dear.""",0,0,0,,,
,0,0,0,,,
"Neville,",0,0,1,,,
his,0,0,0,,,
face,0,0,0,,,
"tear-streaked,",1,0,0,,,
clutching,0,0,0,,,
his,0,0,0,,,
"wrist,",0,0,1,,,
hobbled,0,0,0,,,
off,0,0,0,,,
with,0,0,0,,,
Madam,0,0,1,,,
"Hooch,",0,0,1,,,
who,0,0,0,,,
had,0,0,0,,,
her,0,0,0,,,
arm,0,0,1,,,
around,0,0,0,,,
him.,0,0,0,,,
,0,0,0,,,
No,0,0,0,,,
sooner,0,0,0,,,
were,0,0,0,,,
they,0,0,0,,,
out,0,0,0,,,
of,0,0,0,,,
earshot,0,0,0,,,
than,0,0,0,,,
Malfoy,0,0,1,,,
burst,1,0,0,,,
into,1,0,0,,,
laughter.,1,0,0,,,
,0,0,0,,,
"""Did",0,0,0,,,
you,0,0,0,,,
see,0,0,0,,,
his,0,0,0,,,
"face,",0,0,1,,,
the,0,0,0,,,
great,0,0,0,,,
"lump?""",0,0,1,,,
,0,0,0,,,
The,0,0,0,,,
other,0,0,0,,,
Slytherins,0,0,1,,,
joined,0,0,0,,,
in.,0,0,0,,,
,0,0,0,,,
"""Shut",0,0,0,,,
"up,",0,0,0,,,
"Malfoy,""",0,0,1,,,
snapped,1,0,0,,,
Parvati,0,0,1,,,
Patil.,0,0,1,,,
,0,0,0,,,
"""Ooh,",0,0,0,,,
sticking,1,1,0,,,
up,1,1,0,,,
for,0,0,0,,,
"Longbottom?""",0,0,1,,,
said,0,0,0,,,
Pansy,0,0,1,,,
"Parkinson,",0,0,1,,,
a,0,0,0,,,
hard-faced,0,1,0,,,
Slytherin,0,0,1,,,
girl.,0,0,1,,,
"""Never",0,0,0,,,
thought,0,0,0,,,
you'd,0,0,0,,,
like,0,0,0,,,
fat,0,0,0,,,
little,0,0,0,,,
"crybabies,",0,1,1,,,
"Parvati.""",0,0,1,,,
,0,0,0,,,
"""Look!""",0,0,0,,,
said,0,0,0,,,
"Malfoy,",0,0,1,,,
darting,0,0,0,,,
forward,0,0,0,,,
and,0,0,0,,,
snatching,0,0,0,,,
something,0,0,0,,,
out,0,0,0,,,
of,0,0,0,,,
the,0,0,0,,,
grass.,0,0,1,,,
"""It's",0,0,0,,,
that,0,0,0,,,
stupid,0,0,1,,,
thing,0,0,1,,,
Longbottom's,0,0,1,,,
gran,0,0,1,,,
sent,0,0,0,,,
"him.""",0,0,0,,,
,0,0,0,,,
The,0,0,0,,,
Remembrall,0,0,1,,,
glittered,0,0,0,,,
in,0,0,0,,,
the,0,0,0,,,
sun,0,0,1,,,
as,0,0,0,,,
he,0,0,0,,,
held,0,0,0,,,
it,0,0,0,,,
up.,0,0,0,,,
,0,0,0,,,
"""Give",0,0,0,,,
that,0,0,0,,,
"here,",0,0,0,,,
"Malfoy,""",0,0,1,,,
said,0,0,0,,,
Harry,0,0,1,,,
quietly.,0,0,0,,,
Everyone,0,0,0,,,
stopped,0,0,0,,,
talking,0,0,0,,,
to,0,0,0,,,
watch.,0,0,0,,,
,0,0,0,,,
Malfoy,0,0,1,,,
smiled,0,0,0,,,
nastily.,1,0,0,,,
"""I",0,0,0,,,
think,0,0,0,,,
I'll,0,0,0,,,
leave,0,0,0,,,
it,0,0,0,,,
somewhere,0,0,0,,,
for,0,0,0,,,
Longbottom,0,0,1,,,
to,0,0,0,,,
find,0,0,0,,,
--,0,0,0,,,
how,0,0,0,,,
about,0,0,0,,,
--,0,0,0,,,
up,0,0,0,,,
a,0,0,0,,,
"tree?""",0,0,1,,,
,0,0,0,,,
"""Give",0,0,0,,,
it,0,0,0,,,
"here!""",0,0,0,,,
Harry,0,0,1,,,
"yelled,",1,0,0,,,
but,0,0,0,,,
Malfoy,0,0,1,,,
had,0,0,0,,,
leapt,0,0,0,,,
onto,0,0,0,,,
his,0,0,0,,,
broomstick,0,0,1,,,
and,0,0,0,,,
taken,0,1,0,,,
off.,0,1,0,,,
He,0,0,0,,,
hadn't,0,0,0,,,
been,0,0,0,,,
"lying,",0,0,0,,,
he,0,0,0,,,
could,0,0,0,,,
fly,0,0,0,,,
well.,0,0,0,,,
Hovering,0,0,0,,,
level,0,0,0,,,
with,0,0,0,,,
the,0,0,0,,,
topmost,0,0,0,,,
branches,0,0,1,,,
of,0,0,0,,,
an,0,0,0,,,
oak,0,0,1,,,
he,0,0,0,,,
"called,",0,0,0,,,
"""Come",0,0,0,,,
and,0,0,0,,,
get,0,0,0,,,
"it,",0,0,0,,,
"Potter!""",0,0,1,,,
,0,0,0,,,
Harry,0,0,1,,,
grabbed,0,0,0,,,
his,0,0,0,,,
broom.,0,0,1,,,
,0,0,0,,,
"""No!""",1,0,0,,,
shouted,1,0,0,,,
Hermione,0,0,1,,,
Granger.,0,0,1,,,
"""Madam",0,0,1,,,
Hooch,0,0,1,,,
told,0,0,0,,,
us,0,0,0,,,
not,0,0,0,,,
to,0,0,0,,,
move,0,0,0,,,
--,0,0,0,,,
you'll,0,0,0,,,
get,0,0,0,,,
us,0,0,0,,,
all,0,0,0,,,
into,0,0,0,,,
"trouble.""",0,0,0,,,
,0,0,0,,,
Harry,0,0,1,,,
ignored,1,0,0,,,
her.,0,0,0,,,
Blood,0,0,1,,,
was,0,0,0,,,
pounding,0,0,0,,,
in,0,0,0,,,
his,0,0,0,,,
ears.,0,0,1,,,
He,0,0,0,,,
mounted,0,0,0,,,
the,0,0,0,,,
broom,0,0,1,,,
and,0,0,0,,,
kicked,0,0,0,,,
hard,0,0,0,,,
against,0,0,0,,,
the,0,0,0,,,
ground,0,0,1,,,
and,0,0,0,,,
"up,",0,0,0,,,
up,0,0,0,,,
he,0,0,0,,,
soared,0,0,0,,,
air,0,0,1,,,
rushed,0,1,0,,,
through,0,0,0,,,
his,0,0,0,,,
"hair,",0,0,1,,,
and,0,0,0,,,
his,0,0,0,,,
robes,0,0,1,,,
whipped,0,0,0,,,
out,0,0,0,,,
behind,0,0,0,,,
him,0,0,0,,,
--,0,0,0,,,
and,0,0,0,,,
in,0,0,0,,,
a,0,1,0,,,
rush,0,1,0,,,
of,0,1,0,,,
fierce,1,1,0,,,
joy,1,1,0,,,
he,0,0,0,,,
realized,0,0,0,,,
he'd,0,0,0,,,
found,0,0,0,,,
something,0,0,0,,,
he,0,0,0,,,
could,0,0,0,,,
do,0,0,0,,,
without,0,0,0,,,
being,0,0,0,,,
taught,0,0,0,,,
--,0,0,0,,,
this,0,0,0,,,
was,0,0,0,,,
"easy,",1,0,0,,,
this,0,0,0,,,
was,0,0,0,,,
wonderful.,1,0,0,,,
He,0,0,0,,,
pulled,0,0,0,,,
his,0,0,0,,,
broomstick,0,0,1,,,
up,0,0,0,,,
a,0,0,0,,,
little,0,0,0,,,
to,0,0,0,,,
take,0,0,0,,,
it,0,0,0,,,
even,0,0,0,,,
"higher,",0,0,0,,,
and,0,0,0,,,
heard,0,0,0,,,
screams,1,0,0,,,
and,0,0,0,,,
gasps,1,0,0,,,
of,0,0,0,,,
girls,0,0,0,,,
back,0,0,0,,,
on,0,0,0,,,
the,0,0,0,,,
ground,0,0,1,,,
and,0,0,0,,,
an,0,0,0,,,
admiring,1,0,0,,,
whoop,1,0,0,,,
from,0,0,0,,,
Ron.,0,0,1,,,
,0,0,0,,,
He,0,0,0,,,
turned,0,0,0,,,
his,0,0,0,,,
broomstick,0,0,1,,,
sharply,0,0,0,,,
to,0,0,0,,,
face,0,0,0,,,
Malfoy,0,0,1,,,
in,0,0,0,,,
midair.,0,0,0,,,
,0,0,0,,,
Malfoy,0,0,1,,,
looked,0,0,0,,,
stunned.,1,0,0,,,
"""Give",0,0,0,,,
it,0,0,0,,,
"here,""",0,0,0,,,
Harry,0,0,1,,,
"called,",0,0,0,,,
"""or",0,0,0,,,
I'll,0,0,0,,,
knock,0,1,0,,,
you,0,1,0,,,
off,0,1,0,,,
that,0,0,0,,,
"broom!""",0,0,1,,,
,0,0,0,,,
"""Oh,",0,0,0,,,
"yeah?""",0,0,0,,,
said,0,0,0,,,
"Malfoy,",0,0,1,,,
trying,0,0,0,,,
to,0,0,0,,,
"sneer,",0,0,0,,,
but,0,0,0,,,
looking,0,0,0,,,
worried.,1,0,0,,,
,0,0,0,,,
Harry,0,0,1,,,
"knew,",0,0,0,,,
"somehow,",0,0,0,,,
what,0,0,0,,,
to,0,0,0,,,
do.,0,0,0,,,
He,0,0,0,,,
leaned,0,0,0,,,
forward,0,0,0,,,
and,0,0,0,,,
grasped,0,0,0,,,
the,0,0,0,,,
broom,0,0,1,,,
tightly,0,0,0,,,
in,0,0,0,,,
both,0,0,0,,,
"hands,",0,0,1,,,
and,0,0,0,,,
it,0,0,0,,,
shot,0,1,0,,,
toward,0,0,0,,,
Malfoy,0,0,1,,,
like,0,1,0,,,
a,0,1,0,,,
javelin.,0,1,1,,,
Malfoy,0,0,1,,,
only,0,0,0,,,
just,0,0,0,,,
got,0,0,0,,,
out,0,0,0,,,
of,0,0,0,,,
the,0,0,0,,,
way,0,0,0,,,
in,0,0,0,,,
time,0,0,0,,,
Harry,0,0,1,,,
made,0,0,0,,,
a,0,0,0,,,
sharp,0,0,0,,,
about-face,0,0,0,,,
and,0,0,0,,,
held,0,0,0,,,
the,0,0,0,,,
broom,0,0,1,,,
steady.,0,0,0,,,
A,0,0,0,,,
few,0,0,0,,,
people,0,0,0,,,
below,0,0,0,,,
were,0,0,0,,,
clapping.,1,0,0,,,
,0,0,0,,,
"""No",0,0,0,,,
Crabbe,0,0,1,,,
and,0,0,0,,,
Goyle,0,0,1,,,
up,0,0,0,,,
here,0,0,0,,,
to,0,0,0,,,
save,0,1,0,,,
your,0,1,0,,,
"neck,",0,1,0,,,
"Malfoy,""",0,0,1,,,
Harry,0,0,1,,,
called.,0,0,0,,,
,0,0,0,,,
The,0,0,0,,,
same,0,0,0,,,
thought,0,0,0,,,
seemed,0,0,0,,,
to,0,0,0,,,
have,0,0,0,,,
struck,1,1,0,,,
Malfoy.,0,0,1,,,
,0,0,0,,,
"""Catch",0,0,0,,,
it,0,0,0,,,
if,0,0,0,,,
you,0,0,0,,,
"can,",0,0,0,,,
"then!""",0,0,0,,,
he,0,0,0,,,
"shouted,",1,0,0,,,
and,0,0,0,,,
he,0,0,0,,,
threw,0,0,0,,,
the,0,0,0,,,
glass,0,0,1,,,
ball,0,0,1,,,
high,0,0,0,,,
into,0,0,0,,,
the,0,0,0,,,
air,0,0,1,,,
and,0,0,0,,,
streaked,0,1,0,,,
back,0,0,0,,,
toward,0,0,0,,,
the,0,0,0,,,
ground.,0,0,1,,,
,0,0,0,,,
Harry,0,0,1,,,
"saw,",0,0,0,,,
as,0,1,0,,,
though,0,1,0,,,
in,0,1,0,,,
slow,0,1,0,,,
"motion,",0,1,0,,,
the,0,0,0,,,
ball,0,0,1,,,
rise,0,0,0,,,
up,0,0,0,,,
in,0,0,0,,,
the,0,0,0,,,
air,0,0,1,,,
and,0,0,0,,,
then,0,0,0,,,
start,0,0,0,,,
to,0,0,0,,,
fall.,0,0,0,,,
He,0,0,0,,,
leaned,0,0,0,,,
forward,0,0,0,,,
and,0,0,0,,,
pointed,0,0,0,,,
his,0,0,0,,,
broom,0,0,1,,,
handle,0,0,0,,,
down,0,0,0,,,
--,0,0,0,,,
next,0,0,0,,,
second,0,0,0,,,
he,0,0,0,,,
was,0,0,0,,,
gathering,0,1,0,,,
speed,0,1,0,,,
in,0,0,0,,,
a,0,0,0,,,
steep,0,0,0,,,
"dive,",0,0,0,,,
racing,0,0,0,,,
the,0,0,0,,,
ball,0,0,1,,,
--,0,0,0,,,
wind,0,0,1,,,
whistled,0,1,0,,,
in,0,0,0,,,
his,0,0,0,,,
"ears,",0,0,1,,,
mingled,0,0,0,,,
with,0,0,0,,,
the,0,0,0,,,
screams,1,0,0,,,
of,0,0,0,,,
people,0,0,0,,,
watching,0,0,0,,,
--,0,0,0,,,
he,0,0,0,,,
stretched,0,0,0,,,
out,0,0,0,,,
his,0,0,0,,,
hand,0,0,1,,,
--,0,0,0,,,
a,0,0,0,,,
foot,0,0,0,,,
from,0,0,0,,,
the,0,0,0,,,
ground,0,0,1,,,
he,0,0,0,,,
caught,0,0,0,,,
"it,",0,0,0,,,
just,0,0,0,,,
in,0,0,0,,,
time,0,0,0,,,
to,0,0,0,,,
pull,0,0,0,,,
his,0,0,0,,,
broom,0,0,1,,,
"straight,",0,0,0,,,
and,0,0,0,,,
he,0,0,0,,,
toppled,0,0,0,,,
gently,0,0,0,,,
onto,0,0,0,,,
the,0,0,0,,,
grass,0,0,1,,,
with,0,0,0,,,
the,0,0,0,,,
Remembrall,0,0,1,,,
clutched,0,0,0,,,
safely,0,0,0,,,
in,0,0,0,,,
his,0,0,0,,,
fist.,0,0,1,,,
,0,0,0,,,
"""HARRY",0,0,1,,,
"POTTER!""",0,0,1,,,
,0,0,0,,,
His,0,0,0,,,
heart,0,0,1,,,
sank,1,1,0,,,
faster,0,1,0,,,
than,0,1,0,,,
he'd,0,1,0,,,
just,0,1,0,,,
dived.,0,1,0,,,
Professor,0,0,1,,,
McGonagall,0,0,1,,,
was,0,0,0,,,
running,0,0,0,,,
toward,0,0,0,,,
them.,0,0,0,,,
He,0,0,0,,,
got,0,1,0,,,
to,0,1,0,,,
his,0,1,0,,,
"feet,",0,1,0,,,
trembling.,1,0,0,,,
,0,0,0,,,
"""Never",0,0,0,,,
--,0,0,0,,,
in,0,0,0,,,
all,0,0,0,,,
my,0,0,0,,,
time,0,0,0,,,
at,0,0,0,,,
Hogwarts,0,0,1,,,
"--""",0,0,0,,,
Professor,0,0,1,,,
McGonagall,0,0,1,,,
was,0,0,0,,,
almost,0,0,0,,,
speechless,1,0,0,,,
with,0,0,0,,,
"shock,",1,0,0,,,
and,0,0,0,,,
her,0,0,0,,,
glasses,0,0,1,,,
flashed,0,1,0,,,
"furiously,",1,1,0,,,
"""--",0,0,0,,,
how,1,0,0,,,
dare,1,0,0,,,
you,1,0,0,,,
--,0,0,0,,,
might,0,0,0,,,
have,0,0,0,,,
broken,0,0,0,,,
your,0,0,0,,,
neck,0,0,1,,,
"--""",0,0,0,,,
,0,0,0,,,
"""It",0,0,0,,,
wasn't,0,0,0,,,
his,0,0,0,,,
"fault,",0,0,0,,,
Professor,0,0,1,,,
"--""",0,0,0,,,
,0,0,0,,,
"""Be",0,0,0,,,
"quiet,",0,0,0,,,
Miss,0,0,1,,,
Patil,0,0,1,,,
"--""",0,0,0,,,
,0,0,0,,,
"""But",0,0,0,,,
Malfoy,0,0,1,,,
"--""",0,0,0,,,
"""That's",0,0,0,,,
"enough,",0,0,0,,,
Mr.,0,0,0,,,
Weasley.,0,0,1,,,
"Potter,",0,0,1,,,
follow,0,0,0,,,
"me,",0,0,0,,,
"now.""",0,0,0,,,
,0,0,0,,,
Harry,0,0,1,,,
caught,0,1,0,,,
sight,0,0,0,,,
of,0,0,0,,,
"Malfoy,",0,0,1,,,
"Crabbe,",0,0,1,,,
and,0,0,0,,,
Goyle's,0,0,1,,,
triumphant,1,0,0,,,
faces,1,0,1,,,
as,0,0,0,,,
he,0,0,0,,,
"left,",0,0,0,,,
walking,0,0,0,,,
numbly,1,0,0,,,
in,0,0,0,,,
Professor,0,0,1,,,
McGonagall's,0,0,1,,,
wake,0,1,0,,,
as,0,0,0,,,
she,0,0,0,,,
strode,0,0,0,,,
toward,0,0,0,,,
the,0,0,0,,,
castle.,0,0,1,,,
He,0,0,0,,,
was,0,0,0,,,
going,0,0,0,,,
to,0,0,0,,,
be,0,0,0,,,
"expelled,",0,0,0,,,
he,0,0,0,,,
just,0,0,0,,,
knew,1,0,0,,,
it.,0,0,0,,,
He,0,0,0,,,
wanted,1,0,0,,,
to,1,0,0,,,
say,1,0,0,,,
something,1,0,0,,,
to,0,0,0,,,
defend,0,0,0,,,
"himself,",0,0,0,,,
but,0,0,0,,,
there,0,0,0,,,
seemed,0,0,0,,,
to,0,0,0,,,
be,0,0,0,,,
something,0,0,0,,,
wrong,0,0,0,,,
with,0,0,0,,,
his,0,0,0,,,
voice.,0,0,1,,,
Professor,0,0,1,,,
McGonagall,0,0,1,,,
was,0,0,0,,,
sweeping,0,1,0,,,
along,0,0,0,,,
without,0,0,0,,,
even,0,0,0,,,
looking,0,0,0,,,
at,0,0,0,,,
him,0,0,0,,,
he,0,0,0,,,
had,0,0,0,,,
to,0,0,0,,,
jog,0,0,0,,,
to,0,0,0,,,
keep,0,0,0,,,
up.,0,0,0,,,
Now,0,0,0,,,
he'd,0,0,0,,,
done,0,0,0,,,
it.,0,0,0,,,
He,0,0,0,,,
hadn't,0,0,0,,,
even,0,0,0,,,
lasted,0,0,0,,,
two,0,0,0,,,
weeks.,0,0,0,,,
He'd,0,0,0,,,
be,0,0,0,,,
packing,0,1,0,,,
his,0,1,0,,,
bags,0,1,1,,,
in,0,0,0,,,
ten,0,0,0,,,
minutes.,0,0,0,,,
What,0,0,0,,,
would,0,0,0,,,
the,0,0,0,,,
Dursleys,0,0,1,,,
say,0,0,0,,,
when,0,0,0,,,
he,0,0,0,,,
turned,0,1,0,,,
up,0,1,0,,,
on,0,0,0,,,
the,0,0,0,,,
doorstep?,0,0,1,,,
,0,0,0,,,
Up,0,0,0,,,
the,0,0,0,,,
front,0,0,0,,,
"steps,",0,0,1,,,
up,0,0,0,,,
the,0,0,0,,,
marble,0,0,1,,,
staircase,0,0,1,,,
"inside,",0,0,0,,,
and,0,0,0,,,
still,0,0,0,,,
Professor,0,0,1,,,
McGonagall,0,0,1,,,
didn't,1,0,0,,,
say,1,0,0,,,
a,1,0,0,,,
word,1,0,0,,,
to,0,0,0,,,
him.,0,0,0,,,
She,0,0,0,,,
wrenched,0,0,0,,,
open,0,0,0,,,
doors,0,0,1,,,
and,0,0,0,,,
marched,0,0,0,,,
along,0,0,0,,,
corridors,0,0,1,,,
with,0,0,0,,,
Harry,0,0,1,,,
trotting,0,0,0,,,
miserably,1,0,0,,,
behind,0,0,0,,,
her.,0,0,0,,,
Maybe,0,0,0,,,
she,0,0,0,,,
was,0,0,0,,,
taking,0,0,0,,,
him,0,0,0,,,
to,0,0,0,,,
Dumbledore.,0,0,1,,,
He,0,0,0,,,
thought,0,0,0,,,
of,0,0,0,,,
"Hagrid,",0,0,1,,,
expelled,0,0,0,,,
but,0,0,0,,,
allowed,0,0,0,,,
to,0,0,0,,,
stay,0,0,0,,,
on,0,0,0,,,
as,0,0,0,,,
gamekeeper.,0,0,1,,,
Perhaps,0,0,0,,,
he,0,0,0,,,
could,0,0,0,,,
be,0,0,0,,,
Hagrid's,0,0,1,,,
assistant.,0,0,1,,,
His,0,0,0,,,
stomach,0,0,1,,,
twisted,0,1,0,,,
as,0,0,0,,,
he,0,0,0,,,
imagined,0,0,0,,,
"it,",0,0,0,,,
watching,0,0,0,,,
Ron,0,0,1,,,
and,0,0,0,,,
the,0,0,0,,,
others,0,0,0,,,
becoming,0,0,0,,,
wizards,0,0,1,,,
while,0,0,0,,,
he,0,0,0,,,
stumped,1,0,0,,,
around,0,0,0,,,
the,0,0,0,,,
grounds,0,0,1,,,
carrying,0,0,0,,,
Hagrid's,0,0,1,,,
bag.,0,0,1,,,
,0,0,0,,,
Professor,0,0,1,,,
McGonagall,0,0,1,,,
stopped,0,0,0,,,
outside,0,0,0,,,
a,0,0,0,,,
classroom.,0,0,1,,,
She,0,0,0,,,
opened,0,0,0,,,
the,0,0,0,,,
door,0,0,1,,,
and,0,0,0,,,
poked,0,1,0,,,
her,0,1,0,,,
head,0,1,1,,,
inside.,0,0,0,,,
,0,0,0,,,
"""Excuse",0,0,0,,,
"me,",0,0,0,,,
Professor,0,0,1,,,
"Flitwick,",0,0,1,,,
could,0,0,0,,,
I,0,0,0,,,
borrow,0,1,0,,,
Wood,0,0,1,,,
for,0,1,0,,,
a,0,1,0,,,
"moment?""",0,1,0,,,
,0,0,0,,,
Wood?,0,0,1,,,
thought,0,0,0,,,
"Harry,",0,0,1,,,
bewildered,1,0,0,,,
was,0,0,0,,,
Wood,0,0,1,,,
a,0,0,0,,,
cane,0,0,1,,,
she,0,0,0,,,
was,0,0,0,,,
going,0,0,0,,,
to,0,0,0,,,
use,0,0,0,,,
on,0,0,0,,,
him?,0,0,0,,,
But,0,0,0,,,
Wood,0,0,1,,,
turned,0,0,0,,,
out,0,0,0,,,
to,0,0,0,,,
be,0,0,0,,,
a,0,0,0,,,
"person,",0,0,0,,,
a,0,0,0,,,
burly,0,0,0,,,
fifth-year,0,0,0,,,
boy,0,0,1,,,
who,0,0,0,,,
came,0,0,0,,,
out,0,0,0,,,
of,0,0,0,,,
Flitwick's,0,0,1,,,
class,0,0,1,,,
looking,0,0,0,,,
confused.,1,0,0,,,
,0,0,0,,,
"""Follow",0,0,0,,,
"me,",0,0,0,,,
you,0,0,0,,,
"two,""",0,0,0,,,
said,0,0,0,,,
Professor,0,0,1,,,
"McGonagall,",0,0,1,,,
and,0,0,0,,,
they,0,0,0,,,
marched,0,0,0,,,
on,0,0,0,,,
up,0,0,0,,,
the,0,0,0,,,
"corridor,",0,0,1,,,
Wood,0,0,1,,,
looking,0,0,0,,,
curiously,1,0,0,,,
at,0,0,0,,,
Harry.,0,0,1,,,
,0,0,0,,,
"""In",0,0,0,,,
"here.""",0,0,0,,,
,0,0,0,,,
Professor,0,0,1,,,
McGonagall,0,0,1,,,
pointed,0,0,0,,,
them,0,0,0,,,
into,0,0,0,,,
a,0,0,0,,,
classroom,0,0,1,,,
that,0,0,0,,,
was,0,0,0,,,
empty,0,0,0,,,
except,0,0,0,,,
for,0,0,0,,,
"Peeves,",0,0,1,,,
who,0,0,0,,,
was,0,0,0,,,
busy,0,0,0,,,
writing,0,0,0,,,
rude,1,0,0,,,
words,0,0,1,,,
on,0,0,0,,,
the,0,0,0,,,
blackboard.,0,0,1,,,
,0,0,0,,,
"""Out,",0,0,0,,,
"Peeves!""",0,0,1,,,
she,0,0,0,,,
barked.,1,1,0,,,
Peeves,0,0,1,,,
threw,0,0,0,,,
the,0,0,0,,,
chalk,0,0,1,,,
into,0,0,0,,,
a,0,0,0,,,
"bin,",0,0,1,,,
which,0,0,0,,,
clanged,0,1,0,,,
"loudly,",0,1,0,,,
and,0,0,0,,,
he,0,0,0,,,
swooped,0,1,0,,,
out,0,1,0,,,
cursing.,1,1,0,,,
Professor,0,0,1,,,
McGonagall,0,0,1,,,
slammed,0,1,0,,,
the,0,0,0,,,
door,0,0,1,,,
behind,0,0,0,,,
him,0,0,0,,,
and,0,0,0,,,
turned,0,0,0,,,
to,0,0,0,,,
face,0,0,0,,,
the,0,0,0,,,
two,0,0,0,,,
boys.,0,0,1,,,
,0,0,0,,,
"""Potter,",0,0,1,,,
this,0,0,0,,,
is,0,0,0,,,
Oliver,0,0,1,,,
Wood.,0,0,1,,,
Wood,0,0,1,,,
--,0,0,0,,,
I've,0,0,0,,,
found,0,0,0,,,
you,0,0,0,,,
a,0,0,0,,,
"Seeker.""",0,1,1,,,
,0,0,0,,,
Wood's,0,0,1,,,
expression,0,0,1,,,
changed,0,0,0,,,
from,0,0,0,,,
puzzlement,1,0,0,,,
to,0,0,0,,,
delight.,1,0,0,,,
,0,0,0,,,
"""Are",0,0,0,,,
you,0,0,0,,,
"serious,",0,0,0,,,
"Professor?""",0,0,1,,,
,0,0,0,,,
"""Absolutely,""",1,0,0,,,
said,0,0,0,,,
Professor,0,0,1,,,
McGonagall,0,0,1,,,
crisply.,1,1,0,,,
"""The",0,0,0,,,
boy's,0,0,1,,,
a,0,0,0,,,
natural.,0,1,1,,,
I've,0,0,0,,,
never,0,0,0,,,
seen,0,0,0,,,
anything,0,0,0,,,
like,0,0,0,,,
it.,0,0,0,,,
Was,0,0,0,,,
that,0,0,0,,,
your,0,0,0,,,
first,0,0,0,,,
time,0,0,0,,,
on,0,0,0,,,
a,0,0,0,,,
"broomstick,",0,0,1,,,
"Potter?""",0,0,1,,,
,0,0,0,,,
Harry,0,0,1,,,
nodded,1,0,0,,,
silently.,1,0,0,,,
He,0,0,0,,,
didn't,1,0,0,,,
have,1,0,0,,,
a,1,0,0,,,
clue,1,0,0,,,
what,0,0,0,,,
was,0,0,0,,,
going,0,0,0,,,
"on,",0,0,0,,,
but,0,0,0,,,
he,0,0,0,,,
didn't,0,0,0,,,
seem,0,0,0,,,
to,0,0,0,,,
be,0,0,0,,,
being,0,0,0,,,
"expelled,",0,0,0,,,
and,0,0,0,,,
some,0,0,0,,,
of,0,0,0,,,
the,0,0,0,,,
feeling,0,0,0,,,
started,0,0,0,,,
coming,0,0,0,,,
back,0,0,0,,,
to,0,0,0,,,
his,0,0,0,,,
legs.,0,0,0,,,
,0,0,0,,,
"""He",0,0,0,,,
caught,0,0,0,,,
that,0,0,0,,,
thing,0,0,0,,,
in,0,0,0,,,
his,0,0,0,,,
hand,0,0,1,,,
after,0,0,0,,,
a,0,0,0,,,
fifty-foot,0,0,0,,,
"dive,""",0,0,0,,,
Professor,0,0,1,,,
McGonagall,0,0,1,,,
told,0,0,0,,,
Wood.,0,0,1,,,
"""Didn't",0,0,0,,,
even,0,0,0,,,
scratch,0,0,0,,,
himself.,0,0,0,,,
Charlie,0,0,1,,,
Weasley,0,0,1,,,
couldn't,0,0,0,,,
have,0,0,0,,,
done,0,0,0,,,
"it.""",0,0,0,,,
,0,0,0,,,
Wood,0,0,1,,,
was,0,0,0,,,
now,0,0,0,,,
looking,0,0,0,,,
as,0,0,0,,,
though,0,0,0,,,
all,0,0,0,,,
his,0,0,0,,,
dreams,0,0,0,,,
had,0,0,0,,,
come,1,0,0,,,
TRUE,1,0,0,,,
at,0,0,0,,,
once.,0,0,0,,,
,0,0,0,,,
"""Ever",0,0,0,,,
seen,0,0,0,,,
a,0,0,0,,,
game,0,0,0,,,
of,0,0,0,,,
"Quidditch,",0,0,1,,,
"Potter?""",0,0,1,,,
he,0,0,0,,,
asked,0,0,0,,,
excitedly.,1,0,0,,,
,0,0,0,,,
"""Wood's",0,0,1,,,
captain,0,0,1,,,
of,0,0,0,,,
the,0,0,0,,,
Gryffindor,0,0,1,,,
"team,""",0,0,1,,,
Professor,0,0,1,,,
McGonagall,0,0,1,,,
explained.,0,0,0,,,
,0,0,0,,,
"""He's",0,0,0,,,
just,0,0,0,,,
the,0,0,0,,,
build,0,1,0,,,
for,0,0,0,,,
a,0,0,0,,,
"Seeker,",0,1,1,,,
"too,""",0,0,0,,,
said,0,0,0,,,
"Wood,",0,0,1,,,
now,0,0,0,,,
walking,0,0,0,,,
around,0,0,0,,,
Harry,0,0,1,,,
and,0,0,0,,,
staring,0,0,0,,,
at,0,0,0,,,
him.,0,0,0,,,
"""Light",0,0,0,,,
--,0,0,0,,,
speedy,0,0,0,,,
--,0,0,0,,,
we'll,0,0,0,,,
have,0,0,0,,,
to,0,0,0,,,
get,0,0,0,,,
him,0,0,0,,,
a,0,0,0,,,
decent,0,0,0,,,
"broom,",0,0,1,,,
Professor,0,0,1,,,
--,0,0,0,,,
a,0,0,0,,,
Nimbus,0,0,1,,,
Two,0,0,1,,,
Thousand,0,0,1,,,
or,0,0,0,,,
a,0,0,0,,,
Cleansweep,0,0,1,,,
"Seven,",0,0,1,,,
I'd,0,0,0,,,
"say.""",0,0,0,,,
,0,0,0,,,
"""I",0,0,0,,,
shall,0,0,0,,,
speak,0,0,0,,,
to,0,0,0,,,
Professor,0,0,1,,,
Dumbledore,0,0,1,,,
and,0,0,0,,,
see,0,0,0,,,
if,0,0,0,,,
we,0,0,0,,,
can't,0,0,0,,,
bend,0,1,0,,,
the,0,0,0,,,
first-year,0,0,0,,,
rule.,0,0,0,,,
Heaven,0,1,0,,,
"knows,",0,1,0,,,
we,0,0,0,,,
need,0,0,0,,,
a,0,0,0,,,
better,0,0,0,,,
team,0,0,1,,,
than,0,0,0,,,
last,0,0,0,,,
year.,0,0,0,,,
Flattened,0,1,0,,,
in,0,0,0,,,
that,0,0,0,,,
last,0,0,0,,,
match,0,0,0,,,
by,0,0,0,,,
"Slytherin,",0,0,1,,,
I,0,0,0,,,
couldn't,1,0,0,,,
look,1,0,0,,,
Severus,0,0,1,,,
Snape,0,0,1,,,
in,1,1,0,,,
the,1,1,0,,,
face,1,1,0,,,
for,0,0,0,,,
weeks.,0,0,0,,,
"...""",0,0,0,,,
,0,0,0,,,
Professor,0,0,1,,,
McGonagall,0,0,1,,,
peered,1,1,0,,,
sternly,1,1,0,,,
over,0,0,0,,,
her,0,0,0,,,
glasses,0,0,1,,,
at,0,0,0,,,
Harry.,0,0,1,,,
,0,0,0,,,
"""I",0,0,0,,,
want,0,0,0,,,
to,0,0,0,,,
hear,0,0,0,,,
you're,0,0,0,,,
training,0,0,0,,,
"hard,",0,0,0,,,
"Potter,",0,0,1,,,
or,0,0,0,,,
I,0,0,0,,,
may,0,0,0,,,
change,0,0,0,,,
my,0,0,0,,,
mind,0,0,0,,,
about,0,0,0,,,
punishing,0,0,0,,,
"you.""",0,0,0,,,
,0,0,0,,,
Then,0,0,0,,,
she,0,0,0,,,
suddenly,1,0,0,,,
smiled.,1,0,0,,,
,0,0,0,,,
"""Your",0,0,0,,,
father,0,0,1,,,
would,0,0,0,,,
have,0,0,0,,,
been,0,0,0,,,
"proud,""",0,0,0,,,
she,0,0,0,,,
said.,0,0,0,,,
"""He",0,0,0,,,
was,0,0,0,,,
an,0,0,0,,,
excellent,0,0,0,,,
Quidditch,0,0,1,,,
player,0,0,1,,,
"himself.""",0,0,0,,,
,0,0,0,,,
,0,0,0,,,
"""You're",0,0,0,,,
"joking.""",1,0,0,,,
,0,0,0,,,
It,0,0,0,,,
was,0,0,0,,,
dinnertime.,0,0,0,,,
Harry,0,0,1,,,
had,0,0,0,,,
just,0,0,0,,,
finished,0,0,0,,,
telling,0,0,0,,,
Ron,0,0,1,,,
what,0,0,0,,,
had,0,0,0,,,
happened,0,0,0,,,
when,0,0,0,,,
he'd,0,0,0,,,
left,0,0,0,,,
the,0,0,0,,,
grounds,0,0,1,,,
with,0,0,0,,,
Professor,0,0,1,,,
McGonagall.,0,0,1,,,
Ron,0,0,1,,,
had,0,0,0,,,
a,0,0,0,,,
piece,0,0,0,,,
of,0,0,0,,,
steak,0,0,1,,,
and,0,0,0,,,
kidney,0,0,1,,,
pie,0,0,1,,,
halfway,0,0,0,,,
to,0,0,0,,,
his,0,0,0,,,
"mouth,",0,0,1,,,
but,0,0,0,,,
he'd,0,0,0,,,
forgotten,1,0,0,,,
all,0,0,0,,,
about,0,0,0,,,
it.,0,0,0,,,
,0,0,0,,,
"""Seeker?""",0,1,1,,,
he,0,0,0,,,
said.,0,0,0,,,
"""But",0,0,0,,,
first,0,0,1,,,
years,0,0,1,,,
never,0,0,0,,,
--,0,0,0,,,
you,0,0,0,,,
must,0,0,0,,,
be,0,0,0,,,
the,0,0,0,,,
youngest,0,0,0,,,
House,0,0,1,,,
player,0,0,1,,,
in,0,0,0,,,
about,0,0,0,,,
"--""",0,0,0,,,
,0,0,0,,,
"""--",0,0,0,,,
a,0,0,0,,,
"century,""",0,0,0,,,
said,0,0,0,,,
"Harry,",0,0,1,,,
shoveling,0,1,0,,,
pie,0,0,0,,,
into,0,0,0,,,
his,0,0,0,,,
mouth.,0,0,1,,,
He,0,0,0,,,
felt,1,0,0,,,
particularly,1,0,0,,,
hungry,1,0,0,,,
after,0,0,0,,,
the,0,0,0,,,
excitement,1,0,0,,,
of,0,0,0,,,
the,0,0,0,,,
afternoon.,0,0,0,,,
"""Wood",0,0,1,,,
told,0,0,0,,,
"me.""",0,0,0,,,
,0,0,0,,,
Ron,0,0,1,,,
was,0,0,0,,,
so,0,0,0,,,
"amazed,",1,0,0,,,
so,0,0,0,,,
"impressed,",1,0,0,,,
he,0,0,0,,,
just,0,0,0,,,
sat,0,0,0,,,
and,0,0,0,,,
gaped,1,0,0,,,
at,0,0,0,,,
Harry.,0,0,1,,,
,0,0,0,,,
"""I",0,0,0,,,
start,0,0,0,,,
training,0,0,0,,,
next,0,0,0,,,
"week,""",0,0,0,,,
said,0,0,0,,,
Harry.,0,0,1,,,
"""Only",0,0,0,,,
don't,0,0,0,,,
tell,0,0,0,,,
"anyone,",0,0,0,,,
Wood,0,0,1,,,
wants,0,0,0,,,
to,0,0,0,,,
keep,0,0,0,,,
it,0,0,0,,,
a,0,0,0,,,
"secret.""",0,0,0,,,
,0,0,0,,,
Fred,0,0,1,,,
and,0,0,0,,,
George,0,0,1,,,
Weasley,0,0,1,,,
now,0,0,0,,,
came,0,0,0,,,
into,0,0,0,,,
the,0,0,0,,,
"hall,",0,0,0,,,
spotted,0,0,0,,,
"Harry,",0,0,1,,,
and,0,0,0,,,
hurried,0,0,0,,,
over.,0,0,0,,,
,0,0,0,,,
"""Well",0,0,0,,,
"done,""",0,0,0,,,
said,0,0,0,,,
George,0,0,1,,,
in,0,0,0,,,
a,0,0,0,,,
low,0,0,0,,,
voice.,0,0,0,,,
"""Wood",0,0,1,,,
told,0,0,0,,,
us.,0,0,0,,,
We're,0,0,0,,,
on,0,0,0,,,
the,0,0,0,,,
team,0,0,0,,,
too,0,0,0,,,
--,0,0,0,,,
"Beaters.""",0,1,1,,,
,0,0,0,,,
"""I",0,0,0,,,
tell,0,0,0,,,
"you,",0,0,0,,,
we're,0,0,0,,,
going,0,0,0,,,
to,0,0,0,,,
win,0,0,0,,,
that,0,0,0,,,
Quidditch,0,0,1,,,
Cup,0,0,1,,,
for,0,0,0,,,
sure,0,0,0,,,
this,0,0,0,,,
"year,""",0,0,0,,,
said,0,0,0,,,
Fred.,0,0,1,,,
"""We",0,0,0,,,
haven't,0,0,0,,,
won,0,0,0,,,
since,0,0,0,,,
Charlie,0,0,1,,,
"left,",0,0,0,,,
but,0,0,0,,,
this,0,0,0,,,
year's,0,0,0,,,
team,0,0,0,,,
is,0,0,0,,,
going,0,0,0,,,
to,0,0,0,,,
be,0,0,0,,,
brilliant.,1,0,0,,,
You,0,0,0,,,
must,0,0,0,,,
be,0,0,0,,,
"good,",1,0,0,,,
"Harry,",0,0,1,,,
Wood,0,0,1,,,
was,0,0,0,,,
almost,0,0,0,,,
skipping,1,1,0,,,
when,0,0,0,,,
he,0,0,0,,,
told,0,0,0,,,
"us.""",0,0,0,,,
,0,0,0,,,
"""Anyway,",0,0,0,,,
we've,0,0,0,,,
got,0,0,0,,,
to,0,0,0,,,
"go,",0,0,0,,,
Lee,0,0,1,,,
Jordan,0,0,1,,,
reckons,0,0,0,,,
he's,0,0,0,,,
found,0,0,0,,,
a,0,0,0,,,
new,0,0,0,,,
secret,0,0,0,,,
passageway,0,0,1,,,
out,0,0,0,,,
of,0,0,0,,,
the,0,0,0,,,
"school.""",0,0,1,,,
,0,0,0,,,
"""Bet",0,0,0,,,
it's,0,0,0,,,
that,0,0,0,,,
one,0,0,0,,,
behind,0,0,0,,,
the,0,0,0,,,
statue,0,0,0,,,
of,0,0,0,,,
Gregory,0,0,1,,,
the,0,0,1,,,
Smarmy,0,0,1,,,
that,0,0,0,,,
we,0,0,0,,,
found,0,0,0,,,
in,0,0,0,,,
our,0,0,0,,,
first,0,0,0,,,
week.,0,0,0,,,
See,0,1,0,,,
"you.""",0,1,0,,,
,0,0,0,,,
Fred,0,0,1,,,
and,0,0,0,,,
George,0,0,1,,,
had,0,0,0,,,
hardly,0,0,0,,,
disappeared,0,0,0,,,
when,0,0,0,,,
someone,0,0,0,,,
far,0,0,0,,,
less,0,0,0,,,
welcome,0,0,0,,,
turned,0,1,0,,,
up:,0,1,0,,,
"Malfoy,",0,0,1,,,
flanked,0,1,0,,,
by,0,0,0,,,
Crabbe,0,0,1,,,
and,0,0,0,,,
Goyle.,0,0,1,,,
,0,0,0,,,
"""Having",0,1,0,,,
a,0,1,0,,,
last,0,1,0,,,
"meal,",0,1,1,,,
Potter?,0,0,1,,,
When,0,0,0,,,
are,0,0,0,,,
you,0,0,0,,,
getting,0,0,0,,,
the,0,0,0,,,
train,0,0,1,,,
back,0,0,0,,,
to,0,0,0,,,
the,0,0,0,,,
"Muggles?""",0,0,1,,,
,0,0,0,,,
"""You're",0,0,0,,,
a,0,0,0,,,
lot,0,0,0,,,
braver,1,0,0,,,
now,0,0,0,,,
that,0,0,0,,,
you're,0,0,0,,,
back,0,0,0,,,
on,0,0,0,,,
the,0,0,0,,,
ground,0,0,1,,,
and,0,0,0,,,
you've,0,0,0,,,
got,0,0,0,,,
your,0,0,0,,,
little,0,0,0,,,
friends,0,0,1,,,
with,0,0,0,,,
"you,""",0,0,0,,,
said,0,0,0,,,
Harry,0,0,1,,,
coolly.,1,0,0,,,
There,0,0,0,,,
was,0,0,0,,,
of,0,0,0,,,
course,0,0,0,,,
nothing,0,0,0,,,
at,0,0,0,,,
all,0,0,0,,,
little,0,0,0,,,
about,0,0,0,,,
Crabbe,0,0,1,,,
and,0,0,0,,,
"Goyle,",0,0,1,,,
but,0,0,0,,,
as,0,0,0,,,
the,0,0,0,,,
High,0,0,1,,,
Table,0,0,1,,,
was,0,0,0,,,
full,0,0,0,,,
of,0,0,0,,,
"teachers,",0,0,1,,,
neither,0,0,0,,,
of,0,0,0,,,
them,0,0,0,,,
could,0,0,0,,,
do,0,0,0,,,
more,0,0,0,,,
than,0,0,0,,,
crack,1,0,0,,,
their,1,0,0,,,
knuckles,1,0,1,,,
and,0,0,0,,,
scowl.,1,0,0,,,
,0,0,0,,,
"""I'd",0,0,0,,,
take,0,1,0,,,
you,0,1,0,,,
on,0,0,0,,,
anytime,0,0,0,,,
on,0,0,0,,,
my,0,0,0,,,
"own,""",0,0,0,,,
said,0,0,0,,,
Malfoy.,0,0,1,,,
"""Tonight,",0,0,0,,,
if,0,0,0,,,
you,0,0,0,,,
want.,0,0,0,,,
Wizard's,0,0,1,,,
duel.,0,0,1,,,
Wands,0,0,1,,,
only,0,0,0,,,
--,0,0,0,,,
no,0,0,0,,,
contact.,0,0,0,,,
What's,0,0,0,,,
the,0,0,0,,,
matter?,0,0,0,,,
Never,0,0,0,,,
heard,0,0,0,,,
of,0,0,0,,,
a,0,0,0,,,
wizard's,0,0,1,,,
duel,0,0,1,,,
"before,",0,0,0,,,
I,0,0,0,,,
"suppose?""",0,0,0,,,
,0,0,0,,,
"""Of",0,0,0,,,
course,0,0,0,,,
he,0,0,0,,,
"has,""",0,0,0,,,
said,0,0,0,,,
"Ron,",0,0,1,,,
wheeling,0,1,0,,,
around.,0,1,0,,,
"""I'm",0,0,0,,,
his,0,0,0,,,
"second,",0,1,1,,,
who's,0,0,0,,,
"yours?""",0,0,0,,,
,0,0,0,,,
Malfoy,0,0,1,,,
looked,0,0,0,,,
at,0,0,0,,,
Crabbe,0,0,1,,,
and,0,0,0,,,
"Goyle,",0,0,1,,,
sizing,0,0,0,,,
them,0,0,0,,,
up.,0,0,0,,,
,0,0,0,,,
"""Crabbe,""",0,0,1,,,
he,0,0,0,,,
said.,0,0,0,,,
"""Midnight",0,0,0,,,
all,0,0,0,,,
right?,0,0,0,,,
We'll,0,0,0,,,
meet,0,0,0,,,
you,0,0,0,,,
in,0,0,0,,,
the,0,0,0,,,
trophy,0,0,1,,,
room,0,0,1,,,
that's,0,0,0,,,
always,0,0,0,,,
"unlocked.""",0,0,0,,,
,0,0,0,,,
When,0,0,0,,,
Malfoy,0,0,1,,,
had,0,0,0,,,
"gone,",0,0,0,,,
Ron,0,0,1,,,
and,0,0,0,,,
Harry,0,0,1,,,
looked,0,0,0,,,
at,0,0,0,,,
each,0,0,0,,,
other.,0,0,0,,,
,0,0,0,,,
"""What",0,0,0,,,
is,0,0,0,,,
a,0,0,0,,,
wizard's,0,0,1,,,
"duel?""",0,0,1,,,
said,0,0,0,,,
Harry.,0,0,1,,,
"""And",0,0,0,,,
what,0,0,0,,,
do,0,0,0,,,
you,0,0,0,,,
"mean,",0,0,0,,,
you're,0,0,0,,,
my,0,0,0,,,
"second?""",0,1,1,,,
,0,0,0,,,
"""Well,",0,0,0,,,
a,0,0,0,,,
second's,0,1,1,,,
there,0,0,0,,,
to,0,0,0,,,
take,0,1,0,,,
over,0,1,0,,,
if,0,0,0,,,
you,0,0,0,,,
"die,""",0,0,0,,,
said,0,0,0,,,
Ron,0,0,1,,,
"casually,",1,0,0,,,
getting,0,0,0,,,
started,0,0,0,,,
at,0,0,0,,,
last,0,0,0,,,
on,0,0,0,,,
his,0,0,0,,,
cold,0,0,0,,,
pie.,0,0,1,,,
Catching,0,0,0,,,
the,0,0,0,,,
look,0,0,0,,,
on,0,0,0,,,
Harry's,0,0,1,,,
"face,",0,0,1,,,
he,0,0,0,,,
added,0,0,0,,,
"quickly,",0,0,0,,,
"""But",0,0,0,,,
people,0,0,0,,,
only,0,0,0,,,
die,0,0,0,,,
in,0,0,0,,,
proper,0,0,0,,,
"duels,",0,0,1,,,
you,0,0,0,,,
"know,",0,0,0,,,
with,0,0,0,,,
real,0,0,0,,,
wizards.,0,0,1,,,
The,0,0,0,,,
most,0,0,0,,,
you,0,0,0,,,
and,0,0,0,,,
Malfoy'll,0,0,1,,,
be,0,0,0,,,
able,0,0,0,,,
to,0,0,0,,,
do,0,0,0,,,
is,0,0,0,,,
send,0,0,0,,,
sparks,0,0,1,,,
at,0,0,0,,,
each,0,0,0,,,
other.,0,0,0,,,
Neither,0,0,0,,,
of,0,0,0,,,
you,0,0,0,,,
knows,0,0,0,,,
enough,0,0,0,,,
magic,0,0,0,,,
to,0,0,0,,,
do,0,0,0,,,
any,0,0,0,,,
real,0,0,0,,,
damage.,0,0,0,,,
I,0,0,0,,,
bet,0,0,0,,,
he,0,0,0,,,
expected,1,0,0,,,
you,0,0,0,,,
to,0,0,0,,,
"refuse,",0,0,0,,,
"anyway.""",0,0,0,,,
,0,0,0,,,
"""And",0,0,0,,,
what,0,0,0,,,
if,0,0,0,,,
I,0,0,0,,,
wave,0,0,0,,,
my,0,0,0,,,
wand,0,0,1,,,
and,0,0,0,,,
nothing,0,0,0,,,
"happens?""",0,0,0,,,
,0,0,0,,,
"""Throw",0,0,0,,,
it,0,0,0,,,
away,0,0,0,,,
and,0,0,0,,,
punch,0,0,0,,,
him,0,0,0,,,
on,0,0,0,,,
the,0,0,0,,,
"nose,""",0,0,1,,,
Ron,0,0,1,,,
suggested.,0,0,0,,,
,0,0,0,,,
"""Excuse",0,0,0,,,
"me.""",0,0,0,,,
,0,0,0,,,
They,0,0,0,,,
both,0,0,0,,,
looked,0,0,0,,,
up.,0,0,0,,,
It,0,0,0,,,
was,0,0,0,,,
Hermione,0,0,1,,,
Granger.,0,0,1,,,
,0,0,0,,,
"""Can't",0,0,0,,,
a,0,0,0,,,
person,0,0,1,,,
eat,0,0,0,,,
in,0,1,0,,,
peace,0,1,0,,,
in,0,0,0,,,
this,0,0,0,,,
"place?""",0,0,1,,,
said,0,0,0,,,
Ron.,0,0,1,,,
,0,0,0,,,
Hermione,0,0,1,,,
ignored,1,0,0,,,
him,0,0,0,,,
and,0,0,0,,,
spoke,0,0,0,,,
to,0,0,0,,,
Harry.,0,0,1,,,
"""I",0,0,0,,,
couldn't,1,0,0,,,
help,1,0,0,,,
overhearing,1,0,0,,,
what,0,0,0,,,
you,0,0,0,,,
and,0,0,0,,,
Malfoy,0,0,1,,,
were,0,0,0,,,
saying,0,0,0,,,
"--""",0,0,0,,,
,0,0,0,,,
"""Bet",0,0,0,,,
you,0,0,0,,,
"could,""",0,0,0,,,
Ron,0,0,1,,,
muttered.,1,0,0,,,
,0,0,0,,,
"""--",0,0,0,,,
and,0,0,0,,,
you,0,0,0,,,
mustn't,0,0,0,,,
go,0,0,0,,,
wandering,0,0,0,,,
around,0,0,0,,,
the,0,0,0,,,
school,0,0,1,,,
at,0,0,0,,,
"night,",0,0,0,,,
think,0,0,0,,,
of,0,0,0,,,
the,0,0,0,,,
points,0,0,0,,,
you'll,0,0,0,,,
lose,0,0,0,,,
Gryffindor,0,0,1,,,
if,0,0,0,,,
you're,0,0,0,,,
"caught,",0,0,0,,,
and,0,0,0,,,
you're,0,0,0,,,
bound,0,0,0,,,
to,0,0,0,,,
be.,0,0,0,,,
It's,0,0,0,,,
really,0,0,0,,,
very,0,0,0,,,
selfish,1,0,0,,,
of,0,0,0,,,
"you.""",0,0,0,,,
,0,0,0,,,
"""And",0,0,0,,,
it's,0,0,0,,,
really,0,0,0,,,
none,1,1,0,,,
of,1,1,0,,,
your,1,1,0,,,
"business,""",1,1,0,,,
said,0,0,0,,,
Harry.,0,0,1,,,
,0,0,0,,,
"""Good-bye,""",0,0,0,,,
said,0,0,0,,,
Ron.,0,0,1,,,
,0,0,0,,,
,0,0,0,,,
All,0,0,0,,,
the,0,0,0,,,
"same,",0,0,0,,,
it,0,0,0,,,
wasn't,0,0,0,,,
what,0,0,0,,,
you'd,0,0,0,,,
call,0,0,0,,,
the,0,0,0,,,
perfect,0,0,0,,,
end,0,0,0,,,
to,0,0,0,,,
the,0,0,0,,,
"day,",0,0,0,,,
Harry,0,0,1,,,
"thought,",0,0,0,,,
as,0,0,0,,,
he,0,0,0,,,
lay,0,0,0,,,
awake,0,0,0,,,
much,0,0,0,,,
later,0,0,0,,,
listening,0,0,0,,,
to,0,0,0,,,
Dean,0,0,1,,,
and,0,0,0,,,
Seamus,0,0,1,,,
falling,0,0,0,,,
asleep,0,0,0,,,
(Neville,0,0,1,,,
wasn't,0,0,0,,,
back,0,0,0,,,
from,0,0,0,,,
the,0,0,0,,,
hospital,0,0,1,,,
wing).,0,0,1,,,
Ron,0,0,1,,,
had,0,0,0,,,
spent,0,0,0,,,
all,0,0,0,,,
evening,0,0,0,,,
giving,0,0,0,,,
him,0,0,0,,,
advice,0,0,0,,,
such,0,0,0,,,
as,0,0,0,,,
"""If",0,0,0,,,
he,0,0,0,,,
tries,0,0,0,,,
to,0,0,0,,,
curse,0,0,0,,,
"you,",0,0,0,,,
you'd,0,0,0,,,
better,0,0,0,,,
dodge,0,0,0,,,
"it,",0,0,0,,,
because,0,0,0,,,
I,0,0,0,,,
can't,0,0,0,,,
remember,0,0,0,,,
how,0,0,0,,,
to,0,0,0,,,
block,0,0,0,,,
"them.""",0,0,0,,,
There,0,0,0,,,
was,0,0,0,,,
a,0,0,0,,,
very,0,0,0,,,
good,0,0,0,,,
chance,0,0,0,,,
they,0,0,0,,,
were,0,0,0,,,
going,0,0,0,,,
to,0,0,0,,,
get,0,0,0,,,
caught,0,0,0,,,
by,0,0,0,,,
Filch,0,0,1,,,
or,0,0,0,,,
Mrs.,0,0,1,,,
"Norris,",0,0,1,,,
and,0,0,0,,,
Harry,0,0,1,,,
felt,0,0,0,,,
he,0,0,0,,,
was,0,0,0,,,
pushing,0,1,0,,,
his,0,1,0,,,
"luck,",0,1,0,,,
breaking,0,0,0,,,
another,0,0,0,,,
school,0,0,0,,,
rule,0,0,0,,,
today.,0,0,0,,,
On,0,0,0,,,
the,0,0,0,,,
other,0,0,0,,,
"hand,",0,0,0,,,
Malfoy's,0,0,1,,,
sneering,1,0,0,,,
face,0,0,1,,,
kept,0,0,0,,,
looming,0,1,0,,,
up,0,1,0,,,
out,0,0,0,,,
of,0,0,0,,,
the,0,0,0,,,
darkness,0,0,0,,,
--,0,0,0,,,
this,0,0,0,,,
was,0,0,0,,,
his,0,0,0,,,
big,0,0,0,,,
chance,0,0,0,,,
to,0,0,0,,,
beat,0,0,0,,,
Malfoy,0,0,1,,,
face-to-face.,0,0,0,,,
He,0,0,0,,,
couldn't,0,0,0,,,
miss,0,0,0,,,
it.,0,0,0,,,
,0,0,0,,,
"""Half-past",0,0,0,,,
"eleven,""",0,0,0,,,
Ron,0,0,1,,,
muttered,1,0,0,,,
at,0,0,0,,,
"last,",0,0,0,,,
"""we'd",0,0,0,,,
better,0,0,0,,,
"go.""",0,0,0,,,
,0,0,0,,,
They,0,0,0,,,
pulled,0,0,0,,,
on,0,0,0,,,
their,0,0,0,,,
"bathrobes,",0,0,1,,,
picked,0,0,0,,,
up,0,0,0,,,
their,0,0,0,,,
"wands,",0,0,1,,,
and,0,0,0,,,
crept,0,0,0,,,
across,0,0,0,,,
the,0,0,0,,,
tower,0,0,1,,,
"room,",0,0,1,,,
down,0,0,0,,,
the,0,0,0,,,
spiral,0,0,1,,,
"staircase,",0,0,1,,,
and,0,0,0,,,
into,0,0,0,,,
the,0,0,0,,,
Gryffindor,0,0,1,,,
common,0,0,1,,,
room.,0,0,1,,,
A,0,0,0,,,
few,0,0,0,,,
embers,0,0,1,,,
were,0,0,0,,,
still,0,0,0,,,
glowing,0,0,0,,,
in,0,0,0,,,
the,0,0,0,,,
"fireplace,",0,0,1,,,
turning,0,1,0,,,
all,0,1,0,,,
the,0,1,0,,,
armchairs,0,1,1,,,
into,0,1,0,,,
hunched,0,1,0,,,
black,0,1,0,,,
shadows.,0,1,1,,,
They,0,0,0,,,
had,0,0,0,,,
almost,0,0,0,,,
reached,0,0,0,,,
the,0,0,0,,,
portrait,0,0,1,,,
hole,0,0,1,,,
when,0,0,0,,,
a,0,0,0,,,
voice,0,0,0,,,
spoke,0,0,0,,,
from,0,0,0,,,
the,0,0,0,,,
chair,0,0,1,,,
nearest,0,0,0,,,
"them,",0,0,0,,,
"""I",0,0,0,,,
can't,0,0,0,,,
believe,1,0,0,,,
you're,0,0,0,,,
going,0,0,0,,,
to,0,0,0,,,
do,0,0,0,,,
"this,",0,0,0,,,
"Harry.""",0,0,1,,,
,0,0,0,,,
A,0,0,0,,,
lamp,0,0,1,,,
flickered,0,1,0,,,
on.,0,1,0,,,
It,0,0,0,,,
was,0,0,0,,,
Hermione,0,0,1,,,
"Granger,",0,0,1,,,
wearing,0,1,0,,,
a,0,0,0,,,
pink,0,0,0,,,
bathrobe,0,0,1,,,
and,0,0,0,,,
a,0,1,0,,,
frown.,1,1,0,,,
,0,0,0,,,
"""You!""",0,0,0,,,
said,0,0,0,,,
Ron,0,0,1,,,
furiously.,1,0,0,,,
"""Go",0,0,0,,,
back,0,0,0,,,
to,0,0,0,,,
"bed!""",0,0,1,,,
,0,0,0,,,
"""I",0,0,0,,,
almost,0,0,0,,,
told,0,0,0,,,
your,0,0,0,,,
"brother,""",0,0,1,,,
Hermione,0,0,1,,,
"snapped,",1,0,0,,,
"""Percy",0,0,1,,,
--,0,0,0,,,
he's,0,0,0,,,
a,0,0,0,,,
"prefect,",0,0,0,,,
he'd,0,0,0,,,
put,0,0,0,,,
a,0,0,0,,,
stop,0,0,0,,,
to,0,0,0,,,
"this.""",0,0,0,,,
,0,0,0,,,
Harry,0,0,1,,,
couldn't,0,0,0,,,
believe,0,0,0,,,
anyone,0,0,0,,,
could,0,0,0,,,
be,0,0,0,,,
so,0,0,0,,,
interfering.,1,0,0,,,
,0,0,0,,,
"""Come",0,0,0,,,
"on,""",0,0,0,,,
he,0,0,0,,,
said,0,0,0,,,
to,0,0,0,,,
Ron.,0,0,1,,,
He,0,0,0,,,
pushed,0,0,0,,,
open,0,0,0,,,
the,0,0,0,,,
portrait,0,0,1,,,
of,0,0,0,,,
the,0,0,0,,,
Fat,0,0,1,,,
Lady,0,0,1,,,
and,0,0,0,,,
climbed,0,0,0,,,
through,0,0,0,,,
the,0,0,0,,,
hole.,0,0,0,,,
,0,0,0,,,
Hermione,0,0,1,,,
wasn't,0,0,0,,,
going,0,0,0,,,
to,0,0,0,,,
give,0,0,0,,,
up,0,0,0,,,
that,0,0,0,,,
easily.,0,0,0,,,
She,0,0,0,,,
followed,0,0,0,,,
Ron,0,0,1,,,
through,0,0,0,,,
the,0,0,0,,,
portrait,0,0,1,,,
"hole,",0,0,1,,,
hissing,1,0,0,,,
at,0,0,0,,,
them,0,0,0,,,
like,0,1,0,,,
an,0,1,0,,,
angry,1,1,0,,,
goose.,1,1,1,,,
"""Don't",0,0,0,,,
you,0,0,0,,,
care,1,0,0,,,
about,0,0,0,,,
"Gryffindor,",0,0,1,,,
do,0,0,0,,,
you,0,0,0,,,
only,0,0,0,,,
care,1,0,0,,,
about,0,0,0,,,
"yourselves,",0,0,0,,,
I,0,0,0,,,
don't,0,0,0,,,
want,0,0,0,,,
Slytherin,0,0,1,,,
to,0,0,0,,,
win,0,0,0,,,
the,0,0,0,,,
House,0,0,1,,,
"Cup,",0,0,1,,,
and,0,0,0,,,
you'll,0,0,0,,,
lose,0,0,0,,,
all,0,0,0,,,
the,0,0,0,,,
points,0,0,0,,,
I,0,0,0,,,
got,0,0,0,,,
from,0,0,0,,,
Professor,0,0,1,,,
McGonagall,0,0,1,,,
for,0,0,0,,,
knowing,0,0,0,,,
about,0,0,0,,,
Switching,0,0,0,,,
"Spells.""",0,0,1,,,
,0,0,0,,,
"""Go",0,0,0,,,
"away.""",0,0,0,,,
,0,0,0,,,
"""All",0,0,0,,,
"right,",0,0,0,,,
but,0,0,0,,,
I,0,0,0,,,
warned,1,0,0,,,
"you,",0,0,0,,,
you,0,0,0,,,
just,0,0,0,,,
remember,0,0,0,,,
what,0,0,0,,,
I,0,0,0,,,
said,0,0,0,,,
when,0,0,0,,,
you're,0,0,0,,,
on,0,0,0,,,
the,0,0,0,,,
train,0,0,1,,,
home,0,0,0,,,
"tomorrow,",0,0,0,,,
you're,0,0,0,,,
so,0,0,0,,,
"--""",0,0,0,,,
,0,0,0,,,
But,0,0,0,,,
what,0,0,0,,,
they,0,0,0,,,
"were,",0,0,0,,,
they,0,0,0,,,
didn't,0,0,0,,,
find,0,0,0,,,
out.,0,0,0,,,
Hermione,0,0,1,,,
had,0,0,0,,,
turned,0,0,0,,,
to,0,0,0,,,
the,0,0,0,,,
portrait,0,0,1,,,
of,0,0,0,,,
the,0,0,0,,,
Fat,0,0,1,,,
Lady,0,0,1,,,
to,0,0,0,,,
get,0,0,0,,,
back,0,0,0,,,
inside,0,0,0,,,
and,0,0,0,,,
found,0,0,0,,,
herself,0,0,0,,,
facing,0,0,0,,,
an,0,0,0,,,
empty,0,0,0,,,
painting.,0,0,1,,,
The,0,0,0,,,
Fat,0,0,1,,,
Lady,0,0,1,,,
had,0,0,0,,,
gone,0,0,0,,,
on,0,0,0,,,
a,0,0,0,,,
nighttime,0,0,0,,,
visit,0,0,0,,,
and,0,0,0,,,
Hermione,0,0,1,,,
was,0,0,0,,,
locked,0,0,0,,,
out,0,0,0,,,
of,0,0,0,,,
Gryffindor,0,0,1,,,
Tower.,0,0,1,,,
,0,0,0,,,
"""Now",0,0,0,,,
what,0,0,0,,,
am,0,0,0,,,
I,0,0,0,,,
going,0,0,0,,,
to,0,0,0,,,
"do?""",0,0,0,,,
she,0,0,0,,,
asked,0,0,0,,,
shrilly.,1,0,0,,,
,0,0,0,,,
"""That's",0,0,0,,,
your,0,0,0,,,
"problem,""",0,0,0,,,
said,0,0,0,,,
Ron.,0,0,1,,,
"""We've",0,0,0,,,
got,0,0,0,,,
to,0,0,0,,,
"go,",0,0,0,,,
we're,0,0,0,,,
going,0,0,0,,,
to,0,0,0,,,
be,0,0,0,,,
"late.""",0,0,0,,,
,0,0,0,,,
They,0,0,0,,,
hadn't,0,0,0,,,
even,0,0,0,,,
reached,0,0,0,,,
the,0,0,0,,,
end,0,0,0,,,
of,0,0,0,,,
the,0,0,0,,,
corridor,0,0,1,,,
when,0,0,0,,,
Hermione,0,0,1,,,
caught,0,1,0,,,
up,0,1,0,,,
with,0,1,0,,,
them.,0,0,0,,,
,0,0,0,,,
"""I'm",0,0,0,,,
coming,0,0,0,,,
with,0,0,0,,,
"you,""",0,0,0,,,
she,0,0,0,,,
said.,0,0,0,,,
"""You",0,0,0,,,
are,0,0,0,,,
"not.""",0,0,0,,,
,0,0,0,,,
"""D'you",0,0,0,,,
think,0,0,0,,,
I'm,0,0,0,,,
going,0,0,0,,,
to,0,0,0,,,
stand,0,0,0,,,
out,0,0,0,,,
here,0,0,0,,,
and,0,0,0,,,
wait,0,0,0,,,
for,0,0,0,,,
Filch,0,0,1,,,
to,0,0,0,,,
catch,0,0,0,,,
me?,0,0,0,,,
If,0,0,0,,,
he,0,0,0,,,
finds,0,0,0,,,
all,0,0,0,,,
three,0,0,0,,,
of,0,0,0,,,
us,0,0,0,,,
I'll,0,0,0,,,
tell,0,0,0,,,
him,0,0,0,,,
the,0,0,0,,,
"truth,",0,0,0,,,
that,0,0,0,,,
I,0,0,0,,,
was,0,0,0,,,
trying,0,0,0,,,
to,0,0,0,,,
stop,0,0,0,,,
"you,",0,0,0,,,
and,0,0,0,,,
you,0,0,0,,,
can,0,0,0,,,
back,0,1,0,,,
me,0,1,0,,,
"up.""",0,1,0,,,
,0,0,0,,,
"""You've",0,1,0,,,
got,1,1,0,,,
some,1,1,0,,,
nerve,1,1,0,,,
"--""",0,0,0,,,
said,0,0,0,,,
Ron,0,0,1,,,
loudly.,0,0,0,,,
,0,0,0,,,
"""Shut",1,0,0,,,
"up,",1,0,0,,,
both,0,0,0,,,
of,0,0,0,,,
"you!""",0,0,0,,,
said,0,0,0,,,
Harry,0,0,1,,,
sharply.,1,1,0,,,
"""I",0,0,0,,,
heard,0,0,0,,,
"something.""",0,0,0,,,
,0,0,0,,,
It,0,0,0,,,
was,0,0,0,,,
a,0,0,0,,,
sort,0,0,0,,,
of,0,0,0,,,
snuffling.,1,0,0,,,
,0,0,0,,,
"""Mrs.",0,0,1,,,
"Norris?""",0,0,1,,,
breathed,0,0,0,,,
"Ron,",0,0,1,,,
squinting,0,0,0,,,
through,0,0,0,,,
the,0,0,0,,,
dark.,0,0,0,,,
,0,0,0,,,
It,0,0,0,,,
wasn't,0,0,0,,,
Mrs.,0,0,1,,,
Norris.,0,0,1,,,
It,0,0,0,,,
was,0,0,0,,,
Neville.,0,0,1,,,
He,0,0,0,,,
was,0,0,0,,,
curled,0,0,0,,,
up,0,0,0,,,
on,0,0,0,,,
the,0,0,0,,,
"floor,",0,0,1,,,
fast,0,0,0,,,
"asleep,",0,0,0,,,
but,0,0,0,,,
jerked,0,1,0,,,
suddenly,0,1,0,,,
awake,0,1,0,,,
as,0,0,0,,,
they,0,0,0,,,
crept,0,0,0,,,
nearer.,0,0,0,,,
,0,0,0,,,
"""Thank",0,0,0,,,
goodness,0,0,0,,,
you,0,0,0,,,
found,0,0,0,,,
me!,0,0,0,,,
I've,0,0,0,,,
been,0,0,0,,,
out,0,0,0,,,
here,0,0,0,,,
for,0,0,0,,,
"hours,",0,0,0,,,
I,0,0,0,,,
couldn't,0,0,0,,,
remember,0,0,0,,,
the,0,0,0,,,
new,0,0,0,,,
password,0,0,1,,,
to,0,0,0,,,
get,0,0,0,,,
in,0,0,0,,,
to,0,0,0,,,
"bed.""",0,0,1,,,
,0,0,0,,,
"""Keep",0,0,0,,,
your,0,0,0,,,
voice,0,0,0,,,
"down,",0,1,0,,,
Neville.,0,0,1,,,
The,0,0,0,,,
password's,0,0,1,,,
'Pig,0,0,1,,,
snout',0,0,0,,,
but,0,0,0,,,
it,0,0,0,,,
won't,0,0,0,,,
help,0,0,0,,,
you,0,0,0,,,
"now,",0,0,0,,,
the,0,0,0,,,
Fat,0,0,1,,,
Lady's,0,0,1,,,
gone,0,0,0,,,
off,0,0,0,,,
"somewhere.""",0,0,0,,,
,0,0,0,,,
"""How's",0,0,0,,,
your,0,0,0,,,
"arm?""",0,0,1,,,
said,0,0,0,,,
Harry.,0,0,1,,,
,0,0,0,,,
"""Fine,""",0,0,0,,,
said,0,0,0,,,
"Neville,",0,0,1,,,
showing,0,0,0,,,
them.,0,0,0,,,
"""Madam",0,0,1,,,
Pomfrey,0,0,1,,,
mended,0,1,0,,,
it,0,0,0,,,
in,0,0,0,,,
about,0,0,0,,,
a,0,0,0,,,
"minute.""",0,0,0,,,
,0,0,0,,,
"""Good",0,0,0,,,
--,0,0,0,,,
"well,",0,0,0,,,
"look,",0,0,0,,,
"Neville,",0,0,1,,,
we've,0,0,0,,,
got,0,0,0,,,
to,0,0,0,,,
be,0,0,0,,,
"somewhere,",0,0,0,,,
we'll,0,0,0,,,
see,0,0,0,,,
you,0,0,0,,,
later,0,0,0,,,
"--""",0,0,0,,,
,0,0,0,,,
"""Don't",0,0,0,,,
leave,0,0,0,,,
"me!""",0,0,0,,,
said,0,0,0,,,
"Neville,",0,0,1,,,
scrambling,1,0,0,,,
to,0,0,0,,,
his,0,0,0,,,
"feet,",0,0,1,,,
"""I",0,0,0,,,
don't,0,0,0,,,
want,0,0,0,,,
to,0,0,0,,,
stay,0,0,0,,,
here,0,0,0,,,
"alone,",0,0,0,,,
the,0,0,0,,,
Bloody,0,0,1,,,
Baron's,0,0,1,,,
been,0,0,0,,,
past,0,0,0,,,
twice,0,0,0,,,
"already.""",0,0,0,,,
,0,0,0,,,
Ron,0,0,1,,,
looked,0,0,0,,,
at,0,0,0,,,
his,0,0,0,,,
watch,0,0,1,,,
and,0,0,0,,,
then,0,0,0,,,
glared,0,0,0,,,
furiously,1,0,0,,,
at,0,0,0,,,
Hermione,0,0,1,,,
and,0,0,0,,,
Neville.,0,0,1,,,
,0,0,0,,,
"""If",0,0,0,,,
either,0,0,0,,,
of,0,0,0,,,
you,0,0,0,,,
get,0,0,0,,,
us,0,0,0,,,
"caught,",0,0,0,,,
I'll,0,0,0,,,
never,0,0,0,,,
rest,0,0,0,,,
until,0,0,0,,,
I've,0,0,0,,,
learned,0,0,0,,,
that,0,0,0,,,
Curse,0,0,0,,,
of,0,0,0,,,
the,0,0,0,,,
Bogies,0,0,0,,,
Quirrell,0,0,1,,,
told,0,0,0,,,
us,0,0,0,,,
"about,",0,0,0,,,
and,0,0,0,,,
used,0,0,0,,,
it,0,0,0,,,
on,0,0,0,,,
"you.""",0,0,0,,,
,0,0,0,,,
Hermione,0,0,1,,,
opened,0,0,0,,,
her,0,0,0,,,
"mouth,",0,0,1,,,
perhaps,0,0,0,,,
to,0,0,0,,,
tell,0,0,0,,,
Ron,0,0,1,,,
exactly,0,0,0,,,
how,0,0,0,,,
to,0,0,0,,,
use,0,0,0,,,
the,0,0,0,,,
Curse,0,0,0,,,
of,0,0,0,,,
the,0,0,0,,,
"Bogies,",0,0,0,,,
but,0,0,0,,,
Harry,0,0,1,,,
hissed,1,0,0,,,
at,0,0,0,,,
her,0,0,0,,,
to,0,0,0,,,
be,0,0,0,,,
quiet,0,0,0,,,
and,0,0,0,,,
beckoned,0,0,0,,,
them,0,0,0,,,
all,0,0,0,,,
forward.,0,0,0,,,
,0,0,0,,,
They,0,0,0,,,
flitted,0,0,0,,,
along,0,0,0,,,
corridors,0,0,1,,,
striped,0,1,0,,,
with,0,1,0,,,
bars,0,1,0,,,
of,0,1,0,,,
moonlight,0,1,0,,,
from,0,0,0,,,
the,0,0,0,,,
high,0,0,0,,,
windows.,0,0,1,,,
At,0,0,0,,,
every,0,0,0,,,
turn,0,0,0,,,
Harry,0,0,1,,,
expected,0,0,0,,,
to,0,0,0,,,
run,0,1,0,,,
into,0,1,0,,,
Filch,0,0,1,,,
or,0,0,0,,,
Mrs.,0,0,1,,,
"Norris,",0,0,1,,,
but,0,0,0,,,
they,0,0,0,,,
were,0,0,0,,,
lucky.,0,0,0,,,
They,0,0,0,,,
sped,0,0,0,,,
up,0,0,0,,,
a,0,0,0,,,
staircase,0,0,1,,,
to,0,0,0,,,
the,0,0,0,,,
third,0,0,0,,,
floor,0,0,1,,,
and,0,0,0,,,
tiptoed,0,1,0,,,
toward,0,0,0,,,
the,0,0,0,,,
trophy,0,0,1,,,
room.,0,0,1,,,
,0,0,0,,,
Malfoy,0,0,1,,,
and,0,0,0,,,
Crabbe,0,0,1,,,
weren't,0,0,0,,,
there,0,0,0,,,
yet.,0,0,0,,,
The,0,0,0,,,
crystal,0,0,0,,,
trophy,0,0,1,,,
cases,0,0,1,,,
glimmered,0,0,0,,,
where,0,0,0,,,
the,0,0,0,,,
moonlight,0,0,0,,,
caught,0,1,0,,,
them.,0,0,0,,,
"Cups,",0,0,1,,,
"shields,",0,0,1,,,
"plates,",0,0,1,,,
and,0,0,0,,,
statues,0,0,1,,,
winked,0,1,0,,,
silver,0,1,0,,,
and,0,1,0,,,
gold,0,1,0,,,
in,0,0,0,,,
the,0,0,0,,,
darkness.,0,0,0,,,
They,0,0,0,,,
edged,0,1,0,,,
along,0,0,0,,,
the,0,0,0,,,
"walls,",0,0,1,,,
keeping,0,1,0,,,
their,0,1,0,,,
eyes,0,1,1,,,
on,0,1,0,,,
the,0,0,0,,,
doors,0,0,1,,,
at,0,0,0,,,
either,0,0,0,,,
end,0,0,0,,,
of,0,0,0,,,
the,0,0,0,,,
room.,0,0,1,,,
Harry,0,0,1,,,
took,0,0,0,,,
out,0,0,0,,,
his,0,0,0,,,
wand,0,0,1,,,
in,0,0,0,,,
case,0,0,0,,,
Malfoy,0,0,1,,,
leapt,0,0,0,,,
in,0,0,0,,,
and,0,0,0,,,
started,0,0,0,,,
at,0,0,0,,,
once.,0,0,0,,,
The,0,0,0,,,
minutes,0,0,0,,,
crept,0,1,0,,,
by.,0,1,0,,,
,0,0,0,,,
"""He's",0,0,0,,,
"late,",0,0,0,,,
maybe,0,0,0,,,
he's,0,0,0,,,
chickened,0,1,0,,,
"out,""",0,1,0,,,
Ron,0,0,1,,,
whispered.,0,0,0,,,
,0,0,0,,,
Then,0,0,0,,,
a,0,0,0,,,
noise,0,0,0,,,
in,0,0,0,,,
the,0,0,0,,,
next,0,0,0,,,
room,0,0,1,,,
made,0,0,0,,,
them,0,0,0,,,
jump.,1,0,0,,,
Harry,0,0,1,,,
had,0,0,0,,,
only,0,0,0,,,
just,0,0,0,,,
raised,0,0,0,,,
his,0,0,0,,,
wand,0,0,1,,,
when,0,0,0,,,
they,0,0,0,,,
heard,0,0,0,,,
someone,0,0,0,,,
speak,0,0,0,,,
--,0,0,0,,,
and,0,0,0,,,
it,0,0,0,,,
wasn't,0,0,0,,,
Malfoy.,0,0,0,,,
,0,0,1,,,
"""Sniff",0,0,0,,,
"around,",0,0,0,,,
my,0,0,0,,,
"sweet,",0,1,0,,,
they,0,0,0,,,
might,0,0,0,,,
be,0,0,0,,,
lurking,0,0,0,,,
in,0,0,0,,,
a,0,0,0,,,
"corner.""",0,0,1,,,
,0,0,0,,,
It,0,0,0,,,
was,0,0,0,,,
Filch,0,0,1,,,
speaking,0,0,0,,,
to,0,0,0,,,
Mrs.,0,0,1,,,
Norris.,0,0,1,,,
"Horror-struck,",1,0,0,,,
Harry,0,0,1,,,
waved,0,0,0,,,
madly,1,0,0,,,
at,0,0,0,,,
the,0,0,0,,,
other,0,0,0,,,
three,0,0,0,,,
to,0,0,0,,,
follow,0,0,0,,,
him,0,0,0,,,
as,1,0,0,,,
quickly,1,0,0,,,
as,1,0,0,,,
possible,1,0,0,,,
they,0,0,0,,,
scurried,0,0,0,,,
silently,0,0,0,,,
toward,0,0,0,,,
the,0,0,0,,,
"door,",0,0,1,,,
away,0,0,0,,,
from,0,0,0,,,
Filch's,0,0,0,,,
voice.,0,0,0,,,
Neville's,0,0,1,,,
robes,0,0,1,,,
had,0,0,0,,,
barely,0,0,0,,,
whipped,0,0,0,,,
round,0,0,0,,,
the,0,0,0,,,
corner,0,0,0,,,
when,0,0,0,,,
they,0,0,0,,,
heard,0,0,0,,,
Filch,0,0,1,,,
enter,0,0,0,,,
the,0,0,0,,,
trophy,0,0,1,,,
room.,0,0,1,,,
,0,0,0,,,
"""They're",0,0,0,,,
in,0,0,0,,,
here,0,0,0,,,
"somewhere,""",0,0,0,,,
they,0,0,0,,,
heard,0,0,0,,,
him,0,0,0,,,
"mutter,",0,0,0,,,
"""probably",0,0,0,,,
"hiding.""",0,0,0,,,
,0,0,0,,,
"""This",0,0,0,,,
"way!""",0,0,0,,,
Harry,0,0,1,,,
mouthed,0,0,0,,,
to,0,0,0,,,
the,0,0,0,,,
others,0,0,0,,,
"and,",0,0,0,,,
"petrified,",0,0,0,,,
they,0,0,0,,,
began,0,0,0,,,
to,0,0,0,,,
creep,0,0,0,,,
down,0,0,0,,,
a,0,0,0,,,
long,0,0,0,,,
gallery,0,0,1,,,
full,0,0,0,,,
of,0,0,0,,,
suits,0,0,1,,,
of,0,0,0,,,
armor.,0,0,1,,,
,0,0,0,,,
They,0,0,0,,,
could,0,0,0,,,
hear,0,0,0,,,
Filch,0,0,1,,,
getting,0,0,0,,,
nearer.,0,0,0,,,
Neville,0,0,1,,,
suddenly,0,0,0,,,
let,0,0,0,,,
out,0,0,0,,,
a,0,0,0,,,
frightened,0,0,0,,,
squeak,0,0,0,,,
and,0,0,0,,,
broke,0,1,0,,,
into,0,0,0,,,
a,0,0,0,,,
run,0,0,0,,,
--,0,0,0,,,
he,0,0,0,,,
"tripped,",0,0,0,,,
grabbed,0,0,0,,,
Ron,0,0,1,,,
around,0,0,0,,,
the,0,0,0,,,
"waist,",0,0,1,,,
and,0,0,0,,,
the,0,0,0,,,
pair,0,0,0,,,
of,0,0,0,,,
them,0,0,0,,,
toppled,0,0,0,,,
right,0,0,0,,,
into,0,0,0,,,
a,0,0,0,,,
suit,0,0,1,,,
of,0,0,0,,,
armor.,0,0,1,,,
,0,0,0,,,
The,0,0,0,,,
clanging,0,0,0,,,
and,0,0,0,,,
crashing,0,0,0,,,
were,0,0,0,,,
enough,0,0,0,,,
to,0,0,0,,,
wake,0,1,0,,,
the,0,1,0,,,
whole,0,1,0,,,
castle.,0,1,1,,,
,0,0,0,,,
"""RUN!""",0,0,0,,,
Harry,0,0,1,,,
"yelled,",0,0,0,,,
and,0,0,0,,,
the,0,0,0,,,
four,0,0,0,,,
of,0,0,0,,,
them,0,0,0,,,
sprinted,0,0,0,,,
down,0,0,0,,,
the,0,0,0,,,
"gallery,",0,0,1,,,
not,0,0,0,,,
looking,0,0,0,,,
back,0,0,0,,,
to,0,0,0,,,
see,0,0,0,,,
whether,0,0,0,,,
Filch,0,0,1,,,
was,0,0,0,,,
following,0,0,0,,,
--,0,0,0,,,
they,0,0,0,,,
swung,0,1,0,,,
around,0,0,0,,,
the,0,0,0,,,
doorpost,0,0,1,,,
and,0,0,0,,,
galloped,0,1,0,,,
down,0,0,0,,,
one,0,0,0,,,
corridor,0,0,1,,,
then,0,0,0,,,
"another,",0,0,0,,,
Harry,0,0,1,,,
in,0,0,0,,,
the,0,0,0,,,
"lead,",0,0,0,,,
without,0,0,0,,,
any,0,0,0,,,
idea,0,0,0,,,
where,0,0,0,,,
they,0,0,0,,,
were,0,0,0,,,
or,0,0,0,,,
where,0,0,0,,,
they,0,0,0,,,
were,0,0,0,,,
going,0,0,0,,,
--,0,0,0,,,
they,0,0,0,,,
ripped,0,0,0,,,
through,0,0,0,,,
a,0,0,0,,,
tapestry,0,0,1,,,
and,0,0,0,,,
found,0,0,0,,,
themselves,0,0,0,,,
in,0,0,0,,,
a,0,0,0,,,
hidden,0,0,0,,,
"passageway,",0,0,1,,,
hurtled,0,0,0,,,
along,0,0,0,,,
it,0,0,0,,,
and,0,0,0,,,
came,0,0,0,,,
out,0,0,0,,,
near,0,0,0,,,
their,0,0,0,,,
Charms,0,0,1,,,
"classroom,",0,0,1,,,
which,0,0,0,,,
they,0,0,0,,,
knew,0,0,0,,,
was,0,0,0,,,
miles,0,0,0,,,
from,0,0,0,,,
the,0,0,0,,,
trophy,0,0,1,,,
room.,0,0,1,,,
,0,0,0,,,
"""I",0,0,0,,,
think,0,0,0,,,
we've,0,0,0,,,
lost,0,0,0,,,
"him,""",0,0,0,,,
Harry,0,0,1,,,
"panted,",0,0,0,,,
leaning,0,0,0,,,
against,0,0,0,,,
the,0,0,0,,,
cold,0,0,0,,,
wall,0,0,1,,,
and,0,0,0,,,
wiping,0,0,0,,,
his,0,0,0,,,
forehead.,0,0,1,,,
Neville,0,0,1,,,
was,0,0,0,,,
bent,0,0,0,,,
"double,",0,0,0,,,
wheezing,0,0,0,,,
and,0,0,0,,,
spluttering.,0,0,0,,,
,0,0,0,,,
"""I",0,0,0,,,
--,0,0,0,,,
told,0,0,0,,,
--,0,0,0,,,
"you,""",0,0,0,,,
Hermione,0,0,1,,,
"gasped,",0,0,0,,,
clutching,0,0,0,,,
at,0,0,0,,,
the,0,0,0,,,
stitch,0,0,1,,,
in,0,0,0,,,
her,0,0,0,,,
"chest,",0,0,1,,,
"""I",0,0,0,,,
--,0,0,0,,,
told,0,0,0,,,
--,0,0,0,,,
"you.""",0,0,0,,,
,0,0,0,,,
"""We've",0,0,0,,,
got,0,0,0,,,
to,0,0,0,,,
get,0,0,0,,,
back,0,0,0,,,
to,0,0,0,,,
Gryffindor,0,0,1,,,
"Tower,""",0,0,1,,,
said,0,0,0,,,
"Ron,",0,0,1,,,
"""quickly",0,0,0,,,
as,0,0,0,,,
"possible.""",0,0,0,,,
,0,0,0,,,
"""Malfoy",0,0,1,,,
tricked,0,0,0,,,
"you,""",0,0,0,,,
Hermione,0,0,1,,,
said,0,0,0,,,
to,0,0,0,,,
Harry.,0,0,1,,,
"""You",0,0,0,,,
realize,0,0,0,,,
"that,",0,0,0,,,
don't,0,0,0,,,
you?,0,0,0,,,
He,0,0,0,,,
was,0,0,0,,,
never,0,0,0,,,
going,0,0,0,,,
to,0,0,0,,,
meet,0,0,0,,,
you,0,0,0,,,
--,0,0,0,,,
Filch,0,0,1,,,
knew,0,0,0,,,
someone,0,0,0,,,
was,0,0,0,,,
going,0,0,0,,,
to,0,0,0,,,
be,0,0,0,,,
in,0,0,0,,,
the,0,0,0,,,
trophy,0,0,1,,,
"room,",0,0,1,,,
Malfoy,0,0,1,,,
must,0,0,0,,,
have,0,0,0,,,
tipped,0,1,0,,,
him,0,1,0,,,
"off.""",0,1,0,,,
,0,0,0,,,
Harry,0,0,1,,,
thought,0,0,0,,,
she,0,0,0,,,
was,0,0,0,,,
probably,0,0,0,,,
"right,",0,0,0,,,
but,0,0,0,,,
he,0,0,0,,,
wasn't,0,0,0,,,
going,0,0,0,,,
to,0,0,0,,,
tell,0,0,0,,,
her,0,0,0,,,
that.,0,0,0,,,
,0,0,0,,,
"""Let's",0,0,0,,,
"go.""",0,0,0,,,
,0,0,0,,,
It,0,0,0,,,
wasn't,0,0,0,,,
going,0,0,0,,,
to,0,0,0,,,
be,0,0,0,,,
that,0,0,0,,,
simple.,0,0,0,,,
They,0,0,0,,,
hadn't,0,0,0,,,
gone,0,0,0,,,
more,0,0,0,,,
than,0,0,0,,,
a,0,0,0,,,
dozen,0,0,0,,,
paces,0,0,0,,,
when,0,0,0,,,
a,0,0,0,,,
doorknob,0,0,1,,,
rattled,0,0,0,,,
and,0,0,0,,,
something,0,0,0,,,
came,0,0,0,,,
shooting,0,1,0,,,
out,0,0,0,,,
of,0,0,0,,,
a,0,0,0,,,
classroom,0,0,1,,,
in,0,0,0,,,
front,0,0,0,,,
of,0,0,0,,,
them.,0,0,0,,,
,0,0,0,,,
It,0,0,0,,,
was,0,0,0,,,
Peeves.,0,0,1,,,
He,0,0,0,,,
caught,0,1,0,,,
sight,0,1,0,,,
of,0,1,0,,,
them,0,1,0,,,
and,0,0,0,,,
gave,0,0,0,,,
a,1,1,0,,,
squeal,1,1,0,,,
of,1,1,0,,,
delight.,1,1,0,,,
,0,0,0,,,
"""Shut",0,0,0,,,
"up,",0,0,0,,,
Peeves,0,0,1,,,
--,0,0,0,,,
please,0,0,0,,,
--,0,0,0,,,
you'll,0,0,0,,,
get,0,0,0,,,
us,0,0,0,,,
thrown,0,1,0,,,
"out.""",0,1,0,,,
,0,0,0,,,
Peeves,0,0,1,,,
cackled.,1,0,0,,,
,0,0,0,,,
"""Wandering",0,0,0,,,
around,0,0,0,,,
at,0,0,0,,,
"midnight,",0,0,0,,,
Ickle,0,0,0,,,
Firsties?,0,0,1,,,
"Tut,",0,0,0,,,
"tut,",0,0,0,,,
tut.,0,0,0,,,
"Naughty,",0,0,0,,,
"naughty,",0,0,0,,,
you'll,0,0,0,,,
get,0,0,0,,,
"caughty.""",0,1,0,,,
,0,0,0,,,
"""Not",0,0,0,,,
if,0,0,0,,,
you,0,0,0,,,
don't,0,0,0,,,
give,0,1,0,,,
us,0,1,0,,,
"away,",0,1,0,,,
"Peeves,",0,0,1,,,
"please.""",0,0,0,,,
,0,0,0,,,
"""Should",0,0,0,,,
tell,0,0,0,,,
"Filch,",0,0,1,,,
I,0,0,0,,,
"should,""",0,0,0,,,
said,0,0,0,,,
Peeves,0,0,1,,,
in,0,0,0,,,
a,0,0,0,,,
saintly,1,0,0,,,
"voice,",0,0,0,,,
but,0,0,0,,,
his,0,0,0,,,
eyes,0,0,1,,,
glittered,1,0,0,,,
wickedly.,1,0,0,,,
"""It's",0,0,0,,,
for,0,0,0,,,
your,0,0,0,,,
own,0,0,0,,,
"good,",0,0,0,,,
you,0,0,0,,,
"know.""",0,0,0,,,
,0,0,0,,,
"""Get",0,0,0,,,
out,0,0,0,,,
of,0,0,0,,,
the,0,0,0,,,
"way,""",0,0,0,,,
snapped,0,0,0,,,
"Ron,",0,0,1,,,
taking,0,0,0,,,
a,0,0,0,,,
swipe,0,0,0,,,
at,0,0,0,,,
Peeves,0,0,1,,,
--,0,0,0,,,
this,0,0,0,,,
was,0,0,0,,,
a,0,0,0,,,
big,0,0,0,,,
mistake.,0,0,0,,,
,0,0,0,,,
"""STUDENTS",0,0,1,,,
OUT,0,0,0,,,
OF,0,0,0,,,
"BED!""",0,0,1,,,
Peeves,0,0,1,,,
"bellowed,",0,0,0,,,
"""STUDENTS",0,0,1,,,
OUT,0,0,0,,,
OF,0,0,0,,,
BED,0,0,1,,,
DOWN,0,0,0,,,
THE,0,0,0,,,
CHARMS,0,0,1,,,
"CORRIDOR!""",0,0,1,,,
,0,0,0,,,
Ducking,0,0,0,,,
under,0,0,0,,,
"Peeves,",0,0,1,,,
they,0,0,0,,,
ran,0,1,0,,,
for,0,1,0,,,
their,0,1,0,,,
"lives,",0,1,0,,,
right,0,0,0,,,
to,0,0,0,,,
the,0,0,0,,,
end,0,0,0,,,
of,0,0,0,,,
the,0,0,0,,,
corridor,0,0,1,,,
where,0,0,0,,,
they,0,0,0,,,
slammed,0,1,0,,,
into,0,1,0,,,
a,0,0,0,,,
door,0,0,1,,,
--,0,0,0,,,
and,0,0,0,,,
it,0,0,0,,,
was,0,0,0,,,
locked.,0,0,0,,,
,0,0,0,,,
"""This",0,0,0,,,
is,0,0,0,,,
"it!""",0,0,0,,,
Ron,0,0,1,,,
"moaned,",1,0,0,,,
as,0,0,0,,,
they,0,0,0,,,
pushed,0,0,0,,,
helplessly,1,0,0,,,
at,0,0,0,,,
the,0,0,0,,,
"door,",0,0,1,,,
"""We're",1,1,0,,,
done,1,1,0,,,
for!,1,0,0,,,
This,1,0,0,,,
is,1,0,0,,,
the,1,0,0,,,
"end!""",1,0,0,,,
,0,0,0,,,
They,0,0,0,,,
could,0,0,0,,,
hear,0,0,0,,,
"footsteps,",0,0,1,,,
Filch,0,0,1,,,
running,0,0,0,,,
as,0,0,0,,,
fast,0,0,0,,,
as,0,0,0,,,
he,0,0,0,,,
could,0,0,0,,,
toward,0,0,0,,,
Peeves's,0,0,1,,,
shouts.,0,0,0,,,
,0,0,0,,,
"""Oh,",0,0,0,,,
move,0,0,0,,,
"over,""",0,0,0,,,
Hermione,0,0,1,,,
snarled.,1,0,0,,,
She,0,0,0,,,
grabbed,0,0,0,,,
Harry's,0,0,1,,,
"wand,",0,0,1,,,
tapped,0,0,0,,,
the,0,0,0,,,
"lock,",0,0,1,,,
and,0,0,0,,,
"whispered,",0,0,0,,,
"""Alohomora!""",0,0,0,,,
,0,0,0,,,
The,0,0,0,,,
lock,0,0,1,,,
clicked,0,0,0,,,
and,0,0,0,,,
the,0,0,0,,,
door,0,0,1,,,
swung,0,0,0,,,
open,0,0,0,,,
--,0,0,0,,,
they,0,0,0,,,
piled,0,1,0,,,
through,0,1,0,,,
"it,",0,1,0,,,
shut,0,0,0,,,
it,0,0,0,,,
"quickly,",0,0,0,,,
and,0,0,0,,,
pressed,0,1,0,,,
their,0,1,0,,,
ears,0,1,1,,,
against,0,0,0,,,
"it,",0,0,0,,,
listening.,0,0,0,,,
,0,0,0,,,
"""Which",0,0,0,,,
way,0,0,0,,,
did,0,0,0,,,
they,0,0,0,,,
"go,",0,0,0,,,
"Peeves?""",0,0,1,,,
Filch,0,0,1,,,
was,0,0,0,,,
saying.,0,0,0,,,
"""Quick,",0,0,0,,,
tell,0,0,0,,,
"me.""",0,0,0,,,
"""Say",0,0,0,,,
"'please.'""",0,0,0,,,
,0,0,0,,,
"""Don't",0,0,0,,,
mess,0,0,0,,,
with,0,0,0,,,
"me,",0,0,0,,,
"Peeves,",0,0,1,,,
now,0,0,0,,,
where,0,0,0,,,
did,0,0,0,,,
they,0,0,0,,,
"go?""",0,0,0,,,
"""Shan't",0,0,0,,,
say,0,0,0,,,
nothing,0,0,0,,,
if,0,0,0,,,
you,0,0,0,,,
don't,0,0,0,,,
say,0,0,0,,,
"please,""",0,0,0,,,
said,0,0,0,,,
Peeves,0,0,1,,,
in,0,0,0,,,
his,0,0,0,,,
annoying,1,0,0,,,
singsong,0,0,0,,,
voice.,0,0,0,,,
"""All",0,0,0,,,
right,0,0,0,,,
--,0,0,0,,,
"please.""",0,0,0,,,
,0,0,0,,,
"""NOTHING!",0,0,0,,,
Ha,0,0,0,,,
haaa!,0,0,0,,,
Told,0,0,0,,,
you,0,0,0,,,
I,0,0,0,,,
wouldn't,0,0,0,,,
say,0,0,0,,,
nothing,0,0,0,,,
if,0,0,0,,,
you,0,0,0,,,
didn't,0,0,0,,,
say,0,0,0,,,
please!,0,0,0,,,
Ha,0,0,0,,,
ha!,0,0,0,,,
"Haaaaaa!""",0,0,0,,,
And,0,0,0,,,
they,0,0,0,,,
heard,0,0,0,,,
the,0,0,0,,,
sound,0,0,0,,,
of,0,0,0,,,
Peeves,0,0,1,,,
whooshing,0,1,0,,,
away,0,0,0,,,
and,0,0,0,,,
Filch,0,0,1,,,
cursing,0,0,0,,,
in,0,0,0,,,
rage.,0,0,0,,,
,0,0,0,,,
"""He",0,0,0,,,
thinks,0,0,0,,,
this,0,0,0,,,
door,0,0,1,,,
is,0,0,0,,,
"locked,""",0,0,0,,,
Harry,0,0,1,,,
whispered.,0,0,0,,,
"""I",0,0,0,,,
think,0,0,0,,,
we'll,0,0,0,,,
be,0,0,0,,,
okay,0,0,0,,,
--,0,0,0,,,
get,0,1,0,,,
"off,",0,1,0,,,
"Neville!""",0,0,1,,,
For,0,0,0,,,
Neville,0,0,1,,,
had,0,0,0,,,
been,0,0,0,,,
tugging,0,0,0,,,
on,0,0,0,,,
the,0,0,0,,,
sleeve,0,0,1,,,
of,0,0,0,,,
Harry's,0,0,1,,,
bathrobe,0,0,1,,,
for,0,0,0,,,
the,0,0,0,,,
last,0,0,0,,,
minute.,0,0,0,,,
"""What?""",0,0,0,,,
,0,0,0,,,
Harry,0,0,1,,,
turned,0,0,0,,,
around,0,0,0,,,
--,0,0,0,,,
and,0,0,0,,,
"saw,",0,0,0,,,
quite,0,0,0,,,
"clearly,",0,0,0,,,
what.,0,0,0,,,
For,0,0,0,,,
a,0,0,0,,,
"moment,",0,0,0,,,
he,0,0,0,,,
was,0,0,0,,,
sure,0,0,0,,,
he'd,0,0,0,,,
walked,0,1,0,,,
into,0,1,0,,,
a,0,1,0,,,
nightmare,0,1,0,,,
--,0,0,0,,,
this,0,0,0,,,
was,0,0,0,,,
too,0,0,0,,,
"much,",0,0,0,,,
on,0,1,0,,,
top,0,1,0,,,
of,0,1,0,,,
everything,0,0,0,,,
that,0,0,0,,,
had,0,0,0,,,
happened,0,0,0,,,
so,0,0,0,,,
far.,0,0,0,,,
,0,0,0,,,
They,0,0,0,,,
weren't,0,0,0,,,
in,0,0,0,,,
a,0,0,0,,,
"room,",0,0,1,,,
as,0,0,0,,,
he,0,0,0,,,
had,0,0,0,,,
supposed.,0,0,0,,,
They,0,0,0,,,
were,0,0,0,,,
in,0,0,0,,,
a,0,0,0,,,
corridor.,0,0,1,,,
The,0,0,0,,,
forbidden,0,0,0,,,
corridor,0,0,1,,,
on,0,0,0,,,
the,0,0,0,,,
third,0,0,1,,,
floor.,0,0,1,,,
And,0,0,0,,,
now,0,0,0,,,
they,0,0,0,,,
knew,0,0,0,,,
why,0,0,0,,,
it,0,0,0,,,
was,0,0,0,,,
forbidden.,0,0,0,,,
,0,0,0,,,
They,0,0,0,,,
were,0,0,0,,,
looking,0,1,0,,,
straight,0,1,0,,,
into,0,1,0,,,
the,0,1,0,,,
eyes,0,1,1,,,
of,0,0,0,,,
a,0,0,0,,,
monstrous,0,0,0,,,
"dog,",0,0,1,,,
a,0,0,0,,,
dog,0,0,1,,,
that,0,0,0,,,
filled,0,1,0,,,
the,0,1,0,,,
whole,0,1,0,,,
space,0,1,0,,,
between,0,0,0,,,
ceiling,0,0,1,,,
and,0,0,0,,,
floor.,0,0,1,,,
It,0,0,0,,,
had,0,0,0,,,
three,0,0,0,,,
heads.,0,0,0,,,
Three,0,0,0,,,
pairs,0,0,0,,,
of,0,0,0,,,
"rolling,",0,0,0,,,
mad,0,0,0,,,
eyes,0,0,1,,,
three,0,0,0,,,
"noses,",0,0,1,,,
twitching,0,0,0,,,
and,0,0,0,,,
quivering,0,0,0,,,
in,0,0,0,,,
their,0,0,0,,,
direction,0,0,0,,,
three,0,0,0,,,
drooling,0,0,0,,,
"mouths,",0,0,1,,,
saliva,0,0,1,,,
hanging,0,0,0,,,
in,0,0,0,,,
slippery,0,1,0,,,
ropes,0,1,0,,,
from,0,0,0,,,
yellowish,0,0,0,,,
fangs.,0,0,1,,,
,0,0,0,,,
It,0,0,0,,,
was,0,0,0,,,
standing,0,0,0,,,
quite,0,0,0,,,
"still,",0,0,0,,,
all,0,0,0,,,
six,0,0,0,,,
eyes,0,0,1,,,
staring,0,0,0,,,
at,0,0,0,,,
"them,",0,0,0,,,
and,0,0,0,,,
Harry,0,0,1,,,
knew,0,0,0,,,
that,0,0,0,,,
the,0,0,0,,,
only,0,0,0,,,
reason,0,0,0,,,
they,0,0,0,,,
weren't,0,0,0,,,
already,0,0,0,,,
dead,0,0,0,,,
was,0,0,0,,,
that,0,0,0,,,
their,0,0,0,,,
sudden,0,0,0,,,
appearance,0,0,0,,,
had,0,0,0,,,
taken,0,0,0,,,
it,0,0,0,,,
by,0,0,0,,,
"surprise,",1,0,0,,,
but,0,0,0,,,
it,0,0,0,,,
was,0,0,0,,,
quickly,0,0,0,,,
getting,0,1,0,,,
over,0,1,0,,,
"that,",0,0,0,,,
there,0,0,0,,,
was,0,0,0,,,
no,0,0,0,,,
mistaking,0,0,0,,,
what,0,0,0,,,
those,0,0,0,,,
thunderous,0,1,0,,,
growls,0,0,0,,,
meant.,0,0,0,,,
,0,0,0,,,
Harry,0,0,1,,,
groped,0,0,0,,,
for,0,0,0,,,
the,0,0,0,,,
doorknob,0,0,1,,,
--,0,0,0,,,
between,0,0,0,,,
Filch,0,0,1,,,
and,0,0,0,,,
"death,",0,0,0,,,
he'd,0,0,0,,,
take,0,0,0,,,
Filch.,0,0,1,,,
,0,0,0,,,
They,0,0,0,,,
fell,0,0,0,,,
backward,0,0,0,,,
--,0,0,0,,,
Harry,0,0,1,,,
slammed,0,0,0,,,
the,0,0,0,,,
door,0,0,1,,,
"shut,",0,0,0,,,
and,0,0,0,,,
they,0,0,0,,,
"ran,",0,0,0,,,
they,0,0,0,,,
almost,0,0,0,,,
"flew,",0,1,0,,,
back,0,0,0,,,
down,0,0,0,,,
the,0,0,0,,,
corridor.,0,0,1,,,
Filch,0,0,1,,,
must,0,0,0,,,
have,0,0,0,,,
hurried,0,0,0,,,
off,0,0,0,,,
to,0,0,0,,,
look,0,0,0,,,
for,0,0,0,,,
them,0,0,0,,,
somewhere,0,0,0,,,
"else,",0,0,0,,,
because,0,0,0,,,
they,0,0,0,,,
didn't,0,0,0,,,
see,0,0,0,,,
him,0,0,0,,,
"anywhere,",0,0,0,,,
but,0,0,0,,,
they,0,0,0,,,
hardly,0,0,0,,,
cared,0,0,0,,,
--,0,0,0,,,
all,0,0,0,,,
they,0,0,0,,,
wanted,0,0,0,,,
to,0,0,0,,,
do,0,0,0,,,
was,0,0,0,,,
put,0,0,0,,,
as,0,0,0,,,
much,0,0,0,,,
space,0,0,0,,,
as,0,0,0,,,
possible,0,0,0,,,
between,0,0,0,,,
them,0,0,0,,,
and,0,0,0,,,
that,0,0,0,,,
monster.,0,0,1,,,
They,0,0,0,,,
didn't,0,0,0,,,
stop,0,0,0,,,
running,0,0,0,,,
until,0,0,0,,,
they,0,0,0,,,
reached,0,0,0,,,
the,0,0,0,,,
portrait,0,0,1,,,
of,0,0,0,,,
the,0,0,0,,,
Fat,0,0,1,,,
Lady,0,0,1,,,
on,0,0,0,,,
the,0,0,0,,,
seventh,0,0,1,,,
floor.,0,0,1,,,
,0,0,0,,,
"""Where",0,0,0,,,
on,0,0,0,,,
earth,0,0,0,,,
have,0,0,0,,,
you,0,0,0,,,
all,0,0,0,,,
"been?""",0,0,0,,,
she,0,0,0,,,
"asked,",0,0,0,,,
looking,0,0,0,,,
at,0,0,0,,,
their,0,0,0,,,
bathrobes,0,0,1,,,
hanging,0,0,0,,,
off,0,0,0,,,
their,0,0,0,,,
shoulders,0,0,1,,,
and,0,0,0,,,
their,0,0,0,,,
"flushed,",0,0,0,,,
sweaty,0,0,0,,,
faces.,0,0,1,,,
,0,0,0,,,
"""Never",0,0,0,,,
mind,0,0,0,,,
that,0,0,0,,,
--,0,0,0,,,
pig,0,0,1,,,
"snout,",0,0,0,,,
pig,0,0,1,,,
"snout,""",0,0,0,,,
panted,0,0,0,,,
"Harry,",0,0,1,,,
and,0,0,0,,,
the,0,0,0,,,
portrait,0,0,1,,,
swung,0,0,0,,,
forward.,0,0,0,,,
They,0,0,0,,,
scrambled,0,1,0,,,
into,0,0,0,,,
the,0,0,0,,,
common,0,0,1,,,
room,0,0,1,,,
and,0,0,0,,,
"collapsed,",0,1,0,,,
"trembling,",1,0,0,,,
into,0,0,0,,,
armchairs.,0,0,1,,,
,0,0,0,,,
It,0,0,0,,,
was,0,0,0,,,
a,0,0,0,,,
while,0,0,0,,,
before,0,0,0,,,
any,0,0,0,,,
of,0,0,0,,,
them,0,0,0,,,
said,0,0,0,,,
anything.,0,0,0,,,
"Neville,",0,0,1,,,
"indeed,",0,0,0,,,
looked,0,0,0,,,
as,0,1,0,,,
if,0,1,0,,,
he'd,0,0,0,,,
never,0,0,0,,,
speak,0,0,0,,,
again.,0,0,0,,,
,0,0,0,,,
"""What",0,0,0,,,
do,0,0,0,,,
they,0,0,0,,,
think,0,0,0,,,
they're,0,0,0,,,
"doing,",0,0,0,,,
keeping,0,0,0,,,
a,0,0,0,,,
thing,0,0,0,,,
like,0,0,0,,,
that,0,0,0,,,
locked,0,0,0,,,
up,0,0,0,,,
in,0,0,0,,,
a,0,0,0,,,
"school?""",0,0,1,,,
said,0,0,0,,,
Ron,0,0,1,,,
finally.,0,0,0,,,
"""If",0,0,0,,,
any,0,0,0,,,
dog,0,0,1,,,
needs,0,0,0,,,
"exercise,",0,0,0,,,
that,0,0,0,,,
one,0,0,0,,,
"does.""",0,0,0,,,
,0,0,0,,,
Hermione,0,0,1,,,
had,0,0,0,,,
got,0,0,0,,,
both,0,0,0,,,
her,0,0,0,,,
breath,0,0,0,,,
and,0,0,0,,,
her,0,0,0,,,
bad,0,0,0,,,
temper,0,0,0,,,
back,0,0,0,,,
again.,0,0,0,,,
,0,0,0,,,
"""You",0,0,0,,,
don't,0,1,0,,,
use,0,1,0,,,
your,0,1,0,,,
"eyes,",0,1,1,,,
any,0,0,0,,,
of,0,0,0,,,
"you,",0,0,0,,,
do,0,0,0,,,
"you?""",0,0,0,,,
she,0,0,0,,,
snapped.,0,1,0,,,
"""Didn't",0,0,0,,,
you,0,0,0,,,
see,0,0,0,,,
what,0,0,0,,,
it,0,0,0,,,
was,0,0,0,,,
standing,0,0,0,,,
"on?""",0,0,0,,,
,0,0,0,,,
"""The",0,0,0,,,
"floor?""",0,0,1,,,
Harry,0,0,1,,,
suggested.,0,0,0,,,
"""I",0,0,0,,,
wasn't,0,0,0,,,
looking,0,0,0,,,
at,0,0,0,,,
its,0,0,0,,,
"feet,",0,0,1,,,
I,0,0,0,,,
was,0,0,0,,,
too,0,0,0,,,
busy,0,0,0,,,
with,0,0,0,,,
its,0,0,0,,,
"heads.""",0,0,1,,,
,0,0,0,,,
"""No,",0,0,0,,,
not,0,0,0,,,
the,0,0,0,,,
floor.,0,0,1,,,
It,0,0,0,,,
was,0,0,0,,,
standing,0,0,0,,,
on,0,0,0,,,
a,0,0,0,,,
trapdoor.,0,0,1,,,
It's,0,0,0,,,
obviously,0,0,0,,,
guarding,0,0,0,,,
"something.""",0,0,0,,,
,0,0,0,,,
She,0,0,0,,,
stood,0,0,0,,,
"up,",0,0,0,,,
glaring,0,0,0,,,
at,0,0,0,,,
them.,0,0,0,,,
,0,0,0,,,
"""I",0,0,0,,,
hope,0,0,0,,,
you're,0,0,0,,,
pleased,0,0,0,,,
with,0,0,0,,,
yourselves.,0,0,0,,,
We,0,0,0,,,
could,0,0,0,,,
all,0,0,0,,,
have,0,0,0,,,
been,0,0,0,,,
killed,0,0,0,,,
--,0,0,0,,,
or,0,0,0,,,
"worse,",0,0,0,,,
expelled.,0,0,0,,,
"Now,",0,0,0,,,
if,0,0,0,,,
you,0,0,0,,,
don't,0,0,0,,,
"mind,",0,0,0,,,
I'm,0,0,0,,,
going,0,0,0,,,
to,0,0,0,,,
"bed.""",0,0,1,,,
,0,0,0,,,
Ron,0,0,1,,,
stared,0,0,0,,,
after,0,0,0,,,
"her,",0,0,0,,,
his,0,0,0,,,
mouth,0,0,1,,,
open.,0,0,0,,,
"""No,",0,0,0,,,
we,0,0,0,,,
don't,0,0,0,,,
"mind,""",0,0,0,,,
he,0,0,0,,,
said.,0,0,0,,,
"""You'd",0,0,0,,,
think,0,0,0,,,
we,0,0,0,,,
dragged,0,1,0,,,
her,0,1,0,,,
"along,",0,1,0,,,
wouldn't,0,0,0,,,
"you?""",0,0,0,,,
,0,0,0,,,
But,0,0,0,,,
Hermione,0,0,1,,,
had,0,0,0,,,
given,0,0,0,,,
Harry,0,0,1,,,
something,0,0,0,,,
else,0,0,0,,,
to,0,0,0,,,
think,0,0,0,,,
about,0,0,0,,,
as,0,0,0,,,
he,0,0,0,,,
climbed,0,0,0,,,
back,0,0,0,,,
into,0,0,0,,,
bed.,0,0,1,,,
The,0,0,0,,,
dog,0,0,1,,,
was,0,0,0,,,
guarding,0,0,0,,,
something.,0,0,0,,,
.,0,0,0,,,
.,0,0,0,,,
.,0,0,0,,,
What,0,0,0,,,
had,0,0,0,,,
Hagrid,0,0,1,,,
said?,0,0,0,,,
Gringotts,0,0,1,,,
was,0,0,0,,,
the,0,0,0,,,
safest,0,0,0,,,
place,0,0,1,,,
in,0,0,0,,,
the,0,0,0,,,
world,0,0,0,,,
for,0,0,0,,,
something,0,0,0,,,
you,0,0,0,,,
wanted,0,0,0,,,
to,0,0,0,,,
hide,0,0,0,,,
--,0,0,0,,,
except,0,0,0,,,
perhaps,0,0,0,,,
Hogwarts.,0,0,1,,,
,0,0,0,,,
It,0,0,0,,,
looked,0,0,0,,,
as,0,0,0,,,
though,0,0,0,,,
Harry,0,0,1,,,
had,0,0,0,,,
found,0,0,0,,,
out,0,0,0,,,
where,0,0,0,,,
the,0,0,0,,,
grubby,1,0,0,,,
little,0,0,0,,,
package,0,0,1,,,
from,0,0,0,,,
vault,0,0,1,,,
seven,0,0,0,,,
hundred,0,0,0,,,
and,0,0,0,,,
thirteen,0,0,0,,,
was.,0,0,0,,,
,0,0,0,,,
